Name,CAS,Level,Source,Dataset,SMILES
Flurtamone,96525-23-4,Low,"PPDB|C,> 100|O,> 304|",Negative,CNC1=C(C(=O)C(O1)C2=CC=CC=C2)C3=CC(=CC=C3)C(F)(F)F
Dithiopyr,97886-45-8,Low,"PPDB|C,> 53|",Negative,CC(C)CC1=C(C(=NC(=C1C(=O)SC)C(F)(F)F)C(F)F)C(=O)SC
Fenchlorazole-ethyl,103112-35-2,Low,"PPDB|C,> 300|U,Non-toxic|",Negative,C1=CC=C(C=C1)OC(=O)N2C3=CC(=C(C=C3N=C2C(F)(F)F)Cl)Cl
Thiazopyr,117718-60-2,Low,"PPDB|U,=> 100|",Negative,CC(C)CC1=C(C(=NC(=C1C(=O)OC)C(F)F)C(F)(F)F)C2=NCCS2
Fluroxypyr-meptyl,81406-37-3,Low,"PPDB|C,> 100|O,> 100|",Negative,CCCCCCC(C)OC(=O)COC1=NC(=C(C(=C1Cl)N)Cl)F
Dikegulac,18467-77-1,Low,"PPDB|C,> 81.0|",Negative,CC1(OCC2C(O1)C3C(O2)(OC(O3)(C)C)C(=O)O)C
Hexaconazole,79983-71-4,Low,"PPDB|O,> 100|",Negative,CCCCC(CN1C=NC=N1)(C2=C(C=C(C=C2)Cl)Cl)O
Warfarin,81-81-2,Low,"PPDB|U,> 100|",Negative,CC(=O)CC(C1=CC=CC=C1)C2=C(C3=CC=CC=C3OC2=O)O
Fentin acetate,900-95-8,Low,"PPDB|C,16|",Negative,CC(=O)O[Sn](C1=CC=CC=C1)(C2=CC=CC=C2)C3=CC=CC=C3
"2,4,5-trichlorophenol",95-95-4,Low,"PPDB|U,> 50|",Negative,C1=C(C(=CC(=C1Cl)Cl)Cl)O
Camphechlor,8001-35-2,Low,"PPDB|O,> 19.1|",Negative,C1C2C(C(C(C1(Cl)Cl)(C2(CCl)C(Cl)Cl)CCl)Cl)Cl
Pyraflufen,129630-17-7,Low,"PPDB|C,> 100|",Negative,CN1C(=C(C(=N1)C2=CC(=C(C=C2F)Cl)OCC(=O)O)Cl)OC(F)F
Ziram,137-30-4,Low,"PPDB|C,> 100|O,> 105|",Negative,CN(C)C(=S)[S-].CN(C)C(=S)[S-].[Zn+2]
Hymexazol,10004-44-1,Low,"PPDB|C,> 100|O,> 100|",Negative,CC1=CC(=O)NO1
Hydroprene,41205-09-8,Low,"PPDB|O,> 1000000|",Negative,CCOC(=O)C=C(C)C=CCC(C)CCCC(C)C
Mecoprop,7085-19-0,Low,"PPDB|C,> 100|O,> 100|",Negative,CC1=C(C=CC(=C1)Cl)OC(C)C(=O)O
Calcium carbonate,471-34-1,Low,"PPDB|U,> 100|",Negative,C(=O)([O-])[O-].[Ca+2]
Spirotetramat,203313-25-1,Low,"PPDB|C,> 100|O,> 107.3|",Negative,CCOC(=O)OC1=C(C(=O)NC12CCC(CC2)OC)C3=C(C=CC(=C3)C)C
Dikegulac-sodium,52508-35-7,Low,"PPDB|C,> 81.0|",Negative,CC1(OCC2C(O1)C3C(O2)(OC(O3)(C)C)C(=O)[O-])C.[Na+]
Prochloraz,67747-09-5,Low,"PPDB|C,141.3|O,> 101|",Negative,CCCN(CCOC1=C(C=C(C=C1Cl)Cl)Cl)C(=O)N2C=CN=C2
Iprovalicarb,140923-17-7,Low,"PPDB|O,> 199|",Negative,CC1=CC=C(C=C1)C(C)NC(=O)C(C(C)C)NC(=O)OC(C)C
Rimsulfuron,122931-48-0,Low,"PPDB|C,> 100|O,41.1|",Negative,CCS(=O)(=O)C1=C(N=CC=C1)S(=O)(=O)NC(=O)NC2=NC(=CC(=N2)OC)OC
Tricyclazole,41814-78-2,Low,"PPDB|C,> 100|O,> 88.5|",Negative,CC1=C2C(=CC=C1)SC3=NN=CN23
Prohexadione,88805-35-0,Low,"PPDB|C,> 100|O,> 100|",Negative,CCC(=O)C1C(=O)CC(CC1=O)C(=O)O
Neburon,555-37-3,Low,"PPDB|C,> 100|",Negative,CCCCN(C)C(=O)NC1=CC(=C(C=C1)Cl)Cl
Prometryn,7287-19-6,Low,"PPDB|C,99|",Negative,CC(C)NC1=NC(=NC(=N1)SC)NC(C)C
Imazapyr,81334-34-1,Low,"PPDB|C,> 100|O,25|",Negative,CC(C)C1(C(=O)NC(=N1)C2=C(C=CC=N2)C(=O)O)C
Dimethenamid-P,163515-14-8,Low,"PPDB|C,> 200|O,118.4|",Negative,CC1=CSC(=C1N(C(C)COC)C(=O)CCl)C
Fluopicolide,239110-15-7,Low,"PPDB|C,> 100|O,> 241|",Negative,C1=CC(=C(C(=C1)Cl)C(=O)NCC2=C(C=C(C=N2)C(F)(F)F)Cl)Cl
Bromopropylate,18181-80-1,Low,"PPDB|U,183|",Negative,CC(C)OC(=O)C(C1=CC=C(C=C1)Br)(C2=CC=C(C=C2)Br)O
Kresoxim-methyl,143390-89-0,Low,"PPDB|C,> 100|O,> 110|",Negative,CC1=CC=CC=C1OCC2=CC=CC=C2C(=NOC)C(=O)OC
Chromafenozide,143807-66-3,Low,"PPDB|C,> 100|O,> 133.2|",Negative,CC1=CC(=CC(=C1)C(=O)N(C(C)(C)C)NC(=O)C2=C(C3=C(C=C2)OCCC3)C)C
Acifluorfen,50594-66-6,Low,"PPDB|C,> 100|",Negative,C1=CC(=C(C=C1C(F)(F)F)Cl)OC2=CC(=C(C=C2)[N+](=O)[O-])C(=O)O
Bifenox,42576-02-3,Low,"PPDB|C,> 200|O,> 200|",Negative,COC(=O)C1=C(C=CC(=C1)OC2=C(C=C(C=C2)Cl)Cl)[N+](=O)[O-]
Methiozolin,403640-27-7,Low,"PPDB|C,> 100|",Negative,CC1=C(SC=C1)C2=NOC(C2)(C)COCC3=C(C=CC=C3F)F
Boric acid,10043-35-3,Low,"PPDB|C,> 362|",Negative,B(O)(O)O
Fenoxycarb,79127-80-3,Low,"PPDB|C,> 204|O,> 204|",Negative,CCOC(=O)NCCOC1=CC=C(C=C1)OC2=CC=CC=C2
Tau-fluvalinate,102851-06-9,Low,"PPDB|C,12|O,12.6|",Negative,CC(C)C(C(=O)OC(C#N)C1=CC(=CC=C1)OC2=CC=CC=C2)NC3=C(C=C(C=C3)C(F)(F)F)Cl
Dimoxystrobin,149961-52-4,Low,"PPDB|C,> 100|O,> 79.4|",Negative,CC1=CC(=C(C=C1)C)OCC2=CC=CC=C2C(=NOC)C(=O)NC
Propham,122-42-9,Low,"PPDB|C,16|",Negative,CC(C)OC(=O)NC1=CC=CC=C1
Oxadixyl,77732-09-3,Low,"PPDB|O,200|",Negative,CC1=C(C(=CC=C1)C)N(C(=O)COC)N2CCOC2=O
Pyraclostrobin,175013-18-0,Low,"PPDB|C,> 100|O,> 73.1|",Negative,COC(=O)N(C1=CC=CC=C1COC2=NN(C=C2)C3=CC=C(C=C3)Cl)OC
Iprodione,36734-19-7,Low,"PPDB|C,> 200|O,> 25|",Negative,CC(C)NC(=O)N1CC(=O)N(C1=O)C2=CC(=CC(=C2)Cl)Cl
Carbetamide,16118-49-3,Low,"PPDB|C,> 100|O,> 63.22|",Negative,CCNC(=O)C(C)OC(=O)NC1=CC=CC=C1
Fenpicoxamid,517875-34-2,Low,"PPDB|C,> 202.4|O,> 303|",Negative,CC1C(C(C(=O)OCC(C(=O)O1)NC(=O)C2=NC=CC(=C2OCOC(=O)C(C)C)OC)CC3=CC=CC=C3)OC(=O)C(C)C
Fluopyram,658066-35-4,Low,"PPDB|C,> 100|O,> 102.3|",Negative,C1=CC=C(C(=C1)C(=O)NCCC2=C(C=C(C=N2)C(F)(F)F)Cl)C(F)(F)F
Dichlorprop-P,15165-67-0,Low,"PPDB|C,> 200|O,> 200|",Negative,CC(C(=O)O)OC1=C(C=C(C=C1)Cl)Cl
Amidosulfuron,120923-37-7,Low,"PPDB|C,> 100|",Negative,CN(S(=O)(=O)C)S(=O)(=O)NC(=O)NC1=NC(=CC(=N1)OC)OC
Mandipropamid,374726-62-2,Low,"PPDB|C,> 200|O,> 200|",Negative,COC1=C(C=CC(=C1)CCNC(=O)C(C2=CC=C(C=C2)Cl)OCC#C)OCC#C
Fomesafen,72178-02-0,Low,"PPDB|O,50|",Negative,CS(=O)(=O)NC(=O)C1=C(C=CC(=C1)OC2=C(C=C(C=C2)C(F)(F)F)Cl)[N+](=O)[O-]
Sintofen,130561-48-7,Low,"PPDB|C,> 100|O,> 100|",Negative,CC1=CC=C(C=C1)N2C3=C(C(=CC=C3)OCCOC)C(=O)C(=N2)C(=O)O
Triflusulfuron-methyl,126535-15-7,Low,"PPDB|C,> 100|O,> 100|",Negative,CC1=CC=CC(=C1S(=O)(=O)NC(=O)NC2=NC(=NC(=N2)OCC(F)(F)F)N(C)C)C(=O)OC
Sodium 5-nitroguaiacolate,67233-85-6,Low,"PPDB|C,> 100|O,131.6|",Negative,COC1=C(C=C(C=C1)[N+](=O)[O-])[O-].[Na+]
Butralin,33629-47-9,Low,"PPDB|C,> 100|O,95.7|",Negative,CCC(C)NC1=C(C=C(C=C1[N+](=O)[O-])C(C)(C)C)[N+](=O)[O-]
Dodine,10/3/1939,Low,"PPDB|C,> 100|O,> 200|",Negative,CCCCCCCCCCCCN=C(N)N.CC(=O)O
Chlorfluazuron,71422-67-8,Low,"PPDB|O,> 100|",Negative,C1=CC(=C(C(=C1)F)C(=O)NC(=O)NC2=CC(=C(C(=C2)Cl)OC3=C(C=C(C=N3)C(F)(F)F)Cl)Cl)F
Flazasulfuron,104040-78-0,Low,"PPDB|C,> 100|O,> 100|",Negative,COC1=CC(=NC(=N1)NC(=O)NS(=O)(=O)C2=C(C=CC=N2)C(F)(F)F)OC
Metolachlor,51218-45-2,Low,"PPDB|C,> 110|O,110|",Negative,CCC1=CC=CC(=C1N(C(C)COC)C(=O)CCl)C
Fluquinconazole,136426-54-5,Low,"PPDB|C,> 100|O,> 100|",Negative,C1=CC2=C(C=C1F)C(=O)N(C(=N2)N3C=NC=N3)C4=C(C=C(C=C4)Cl)Cl
Maleic hydrazide,123-33-1,Low,"PPDB|C,> 100|O,> 100|",Negative,C1=CC(=O)NNC1=O
Copper II hydroxide,20427-59-2,Low,"PPDB|C,> 44.46|O,49.0|",Negative,[Cu+2].[OH-].[OH-]
Piperonyl butoxide,51-03-6,Low,"PPDB|C,294|",Negative,CCCCOCCOCCOCC1=CC2=C(C=C1CCC)OCO2
Maltodextrin,9050-36-6,Low,"PPDB|C,> 200|",Negative,C(C(C(C(C(C=O)O)O)O)O)O
Fenpyroximate,134098-61-6,Low,"PPDB|C,15.8|O,> 118.5|",Negative,CC1=NN(C(=C1C=NOCC2=CC=C(C=C2)C(=O)OC(C)(C)C)OC3=CC=CC=C3)C
Ferric pyrophosphate,10058-44-3,Low,"PPDB|C,> 100|O,> 100|",Negative,[Fe+3].[Fe+3].[Fe+3].[Fe+3].[O-]P([O-])(=O)OP([O-])([O-])=O.[O-]P([O-])(=O)OP([O-])([O-])=O.[O-]P([O-])(=O)OP([O-])([O-])=O
Disodium octaborate tetrahydrate,12280-03-4,Low,"PPDB|C,> 362|",Negative,B(=O)OB1OB2OB(OB(OB(O2)OB(O1)OB=O)[O-])[O-].O.O.O.O.[Na+].[Na+]
Iodosulfuron-methyl-sodium,144550-36-7,Low,"PPDB|C,> 150|O,> 80|",Negative,CC1=NC(=NC(=N1)OC)NC(=O)[N-]S(=O)(=O)C2=C(C=CC(=C2)I)C(=O)OC.[Na+]
Thiacloprid,111988-49-9,Low,"PPDB|C,38.82|O,17.32|",Negative,C1CSC(=NC#N)N1CC2=CN=C(C=C2)Cl
Oxathiapiprolin,1003318-67-9,Low,"PPDB|C,> 100|O,> 40.26|",Negative,CC1=CC(=NN1CC(=O)N2CCC(CC2)C3=NC(=CS3)C4=NOC(C4)C5=C(C=CC=C5F)F)C(F)(F)F
Tetraconazole,112281-77-3,Low,"PPDB|C,63|O,> 130|",Negative,C1=CC(=C(C=C1Cl)Cl)C(CN2C=NC=N2)COC(C(F)F)(F)F
Bitertanol,55179-31-2,Low,"PPDB|C,> 200|O,> 104.4|",Negative,CC(C)(C)C(C(N1C=NC=N1)OC2=CC=C(C=C2)C3=CC=CC=C3)O
Bromoxynil heptanoate,56634-95-8,Low,"PPDB|C,> 201|O,> 201|",Negative,CCCCCCC(=O)OC1=C(C=C(C=C1Br)C#N)Br
Ipconazole,125225-28-7,Low,"PPDB|C,> 100|O,> 100|",Negative,CC(C)C1CCC(C1(CN2C=NC=N2)O)CC3=CC=C(C=C3)Cl
Fludioxonil,131341-86-1,Low,"PPDB|C,> 100|O,> 100|",Negative,C1=CC(=C2C(=C1)OC(O2)(F)F)C3=CNC=C3C#N
Thiencarbazone-methyl,317815-83-1,Low,"PPDB|C,> 200|O,> 199|",Negative,CC1=C(C(=CS1)C(=O)OC)S(=O)(=O)NC(=O)N2C(=O)N(C(=N2)OC)C
Azimsulfuron,120162-55-2,Low,"PPDB|C,> 25|O,> 200|",Negative,CN1C(=C(C=N1)C2=NN(N=N2)C)S(=O)(=O)NC(=O)NC3=NC(=CC(=N3)OC)OC
Triflumizole,99387-89-0,Low,"PPDB|C,20|O,14|",Negative,CCCOCC(=NC1=C(C=C(C=C1)Cl)C(F)(F)F)N2C=CN=C2
Fenpropimorph,67564-91-4,Low,"PPDB|C,> 100|O,> 95.6|",Negative,CC1CN(CC(O1)C)CC(C)CC2=CC=C(C=C2)C(C)(C)C
Acibenzolar-S-methyl,135158-54-2,Low,"PPDB|C,> 100|O,> 128|",Negative,CSC(=O)C1=C2C(=CC=C1)N=NS2
Diuron,330-54-1,Low,"PPDB|C,> 101.7|O,> 86.75|",Negative,CN(C)C(=O)NC1=CC(=C(C=C1)Cl)Cl
Novaluron,116714-46-6,Low,"PPDB|C,> 100|O,> 100|",Negative,C1=CC(=C(C(=C1)F)C(=O)NC(=O)NC2=CC(=C(C=C2)OC(C(OC(F)(F)F)F)(F)F)Cl)F
Dinobuton,973-21-7,Low,"PPDB|U,> 50|",Negative,CCC(C)C1=CC(=CC(=C1OC(=O)OC(C)C)[N+](=O)[O-])[N+](=O)[O-]
Sodium hydrogen carbonate,144-55-8,Low,"PPDB|C,> 559.1|O,> 537.4|",Negative,C(=O)(O)[O-].[Na+]
Chlormequat chloride,999-81-5,Low,"PPDB|C,> 65.2|O,> 80.2|",Negative,C[N+](C)(C)CCCl.[Cl-]
Imibenconazole,86598-92-7,Low,"PPDB|O,> 125|",Negative,C1=CC(=CC=C1CSC(=NC2=C(C=C(C=C2)Cl)Cl)CN3C=NC=N3)Cl
Calcium phosphate,10103-46-5,Low,"PPDB|U,> 100|",Negative,[O-]P(=O)([O-])[O-].[O-]P(=O)([O-])[O-].[Ca+2].[Ca+2].[Ca+2]
Potassium phosphonates,13977-65-6,Low,"PPDB|O,> 145|",Negative,OP(O)O.[K+]
Imazalil,35554-44-0,Low,"PPDB|C,39|O,35.1|",Negative,C=CCOC(CN1C=CN=C1)C2=C(C=C(C=C2)Cl)Cl
Benalaxyl-M,98243-83-5,Low,"PPDB|C,> 100|O,> 104|",Negative,CC1=C(C(=CC=C1)C)N(C(C)C(=O)OC)C(=O)CC2=CC=CC=C2
Spirodiclofen,148477-71-8,Low,"PPDB|C,> 200|O,> 196|",Negative,CCC(C)(C)C(=O)OC1=C(C(=O)OC12CCCCC2)C3=C(C=C(C=C3)Cl)Cl
Hexadecanoic acid,57-10-3,Low,"PPDB|U,> 100|",Negative,CCCCCCCCCCCCCCCC(=O)O
Fluthiacet methyl,117337-19-6,Low,"PPDB|C,> 100|",Negative,COC(=O)CSC1=C(C=C(C(=C1)N=C2N3CCCCN3C(=O)S2)F)Cl
Amitrole,61-82-5,Low,"PPDB|C,> 100|O,> 152|",Negative,C1=NNC(=N1)N
Copper oxychloride,1332-40-7,Low,"PPDB|C,44.3|O,12.1|",Negative,O(Cl)Cl.[Cu+2]
Tolclofos-methyl,57018-04-9,Low,"PPDB|C,> 100|",Negative,CC1=CC(=C(C(=C1)Cl)OP(=S)(OC)OC)Cl
Flamprop-M-isopropyl,63782-90-1,Low,"PPDB|U,40|",Negative,CC(C)OC(=O)C(C)N(C1=CC(=C(C=C1)F)Cl)C(=O)C2=CC=CC=C2
Metsulfuron,79510-48-8,Low,"PPDB|C,> 25|O,> 44.3|",Negative,CC1=NC(=NC(=N1)OC)NC(=O)NS(=O)(=O)C2=CC=CC=C2C(=O)O
Parathion-methyl,298-00-0,Low,"PPDB|C,19.5|",Negative,COP(=S)(OC)OC1=CC=C(C=C1)[N+](=O)[O-]
Bromoxynil octanoate,1689-99-2,Low,"PPDB|C,> 100|O,> 119.8|",Negative,CCCCCCCC(=O)OC1=C(C=C(C=C1Br)C#N)Br
Aclonifen,74070-46-5,Low,"PPDB|C,> 100|O,> 100|",Negative,C1=CC=C(C=C1)OC2=C(C(=C(C=C2)[N+](=O)[O-])N)Cl
Tri-allate,2303-17-5,Low,"PPDB|C,> 100|O,> 111.5|",Negative,CC(C)N(C(C)C)C(=O)SCC(=C(Cl)Cl)Cl
Alachlor,15972-60-8,Low,"PPDB|C,16|",Negative,CCC1=C(C(=CC=C1)CC)N(COC)C(=O)CCl
Pyriftalid,135186-78-6,Low,"PPDB|C,> 100|",Negative,CC1C2=C(C(=CC=C2)SC3=NC(=CC(=N3)OC)OC)C(=O)O1
Imazamox,114311-32-9,Low,"PPDB|C,> 58|O,> 40|",Negative,CC(C)C1(C(=O)NC(=N1)C2=NC=C(C=C2C(=O)O)COC)C
Clomazone,81777-89-1,Low,"PPDB|C,> 89.5|O,> 76.33|",Negative,CC1(CON(C1=O)CC2=CC=CC=C2Cl)C
Methylarsonic acid,124-58-3,Low,"PPDB|C,68.0|",Negative,C[As](=O)(O)O
Proquinazid,189278-12-4,Low,"PPDB|C,> 197|O,> 125|",Negative,CCCN1C(=O)C2=C(C=CC(=C2)I)N=C1OCCC
Dichlofluanid,1085-98-9,Low,"PPDB|C,16|",Negative,CN(C)S(=O)(=O)N(C1=CC=CC=C1)SC(F)(Cl)Cl
Ethephon,16672-87-0,Low,"PPDB|C,> 100|O,> 116.5|",Negative,C(CCl)P(=O)(O)O
Metoxuron,19937-59-8,Low,"PPDB|C,16|",Negative,CN(C)C(=O)NC1=CC(=C(C=C1)OC)Cl
Chlordimeform,6164-98-3,Low,"PPDB|C,> 120|",Negative,CC1=C(C=CC(=C1)Cl)N=CN(C)C
MCPB,94-81-5,Low,"PPDB|C,> 100|O,> 81.8|",Negative,CC1=C(C=CC(=C1)Cl)OCCCC(=O)O
Prodiamine,29091-21-2,Low,"PPDB|C,> 100|",Negative,CCCN(CCC)C1=C(C=C(C(=C1[N+](=O)[O-])N)C(F)(F)F)[N+](=O)[O-]
Guazatine,108173-90-6,Low,"PPDB|O,> 59|",Negative,C(CCCCN=C(N)N)CCCNCCCCCCCCN=C(N)N
Thiophanate,23564-06-9,Low,"PPDB|C,> 100|O,> 100|",Negative,CCOC(=O)NC(=S)NC1=CC=CC=C1NC(=S)NC(=O)OCC
Cloquintocet-mexyl,99607-70-2,Low,"PPDB|O,> 100|",Negative,CCCCCC(C)OC(=O)COC1=C2C(=C(C=C1)Cl)C=CC=N2
Flucycloxuron,113036-88-7,Low,"PPDB|C,> 100|",Negative,C1CC1C(=NOCC2=CC=C(C=C2)NC(=O)NC(=O)C3=C(C=CC=C3F)F)C4=CC=C(C=C4)Cl
Propisochlor,86763-47-5,Low,"PPDB|C,> 100|O,> 111|",Negative,CCC1=CC=CC(=C1N(COC(C)C)C(=O)CCl)C
Desmetryn,1014-69-3,Low,"PPDB|C,> 101|O,> 197|",Negative,CC(C)NC1=NC(=NC(=N1)NC)SC
Kinoprene,42588-37-4,Low,"PPDB|U,35|",Negative,CC(C)CCCC(C)CC=CC(=CC(=O)OCC#C)C
Cyprodinil,121552-61-2,Low,"PPDB|C,> 784|O,112.5|",Negative,CC1=NC(=NC(=C1)C2CC2)NC3=CC=CC=C3
Spiromesifen,283594-90-1,Low,"PPDB|C,> 200|O,> 792.4|",Negative,CC1=CC(=C(C(=C1)C)C2=C(C3(CCCC3)OC2=O)OC(=O)CC(C)(C)C)C
Terbumeton,33693-04-8,Low,"PPDB|U,> 100|",Negative,CCNC1=NC(=NC(=N1)OC)NC(C)(C)C
Captafol,6/1/2025,Low,"PPDB|U,> 96.7|",Negative,C1C=CCC2C1C(=O)N(C2=O)SC(C(Cl)Cl)(Cl)Cl
Metaldehyde,108-62-3,Low,"PPDB|C,> 113|O,> 87.5|",Negative,CC1OC(OC(OC(O1)C)C)C
Pyrazosulfuron-ethyl,93697-74-6,Low,"PPDB|C,100|",Negative,CCOC(=O)C1=C(N(N=C1)C)S(=O)(=O)NC(=O)NC2=NC(=CC(=N2)OC)OC
Glufosinate,51276-47-2,Low,"PPDB|C,> 345|O,> 600|",Negative,CP(=O)(CCC(C(=O)O)N)O
Propaquizafop,111479-05-1,Low,"PPDB|C,> 200|O,> 20|",Negative,CC(C(=O)OCCON=C(C)C)OC1=CC=C(C=C1)OC2=CN=C3C=C(C=CC3=N2)Cl
Fluchloralin,33245-39-5,Low,"PPDB|C,96.0|",Negative,CCCN(CCCl)C1=C(C=C(C=C1[N+](=O)[O-])C(F)(F)F)[N+](=O)[O-]
Potassium bicarbonate,298-14-6,Low,"PPDB|C,> 24|",Negative,C(=O)(O)[O-].[K+]
Hydroquinone,123-31-9,Low,"PPDB|U,200|",Negative,C1=CC(=CC=C1O)O
Cyflufenamid,180409-60-3,Low,"PPDB|C,> 100|O,> 100|",Negative,C1CC1CONC(=NC(=O)CC2=CC=CC=C2)C3=C(C=CC(=C3F)F)C(F)(F)F
Chloridazon,1698-60-8,Low,"PPDB|C,> 200|O,> 200|",Negative,C1=CC=C(C=C1)N2C(=O)C(=C(C=N2)N)Cl
Butylate,2008-41-5,Low,"PPDB|U,> 29.0|",Negative,CCSC(=O)N(CC(C)C)CC(C)C
Oxadiargyl,39807-15-3,Low,"PPDB|O,> 200|",Negative,CC(C)(C)C1=NN(C(=O)O1)C2=CC(=C(C=C2Cl)Cl)OCC#C
Asulam,3337-71-1,Low,"PPDB|C,> 100|O,> 123.7|",Negative,COC(=O)NS(=O)(=O)C1=CC=C(C=C1)N
Orthosulfamuron,213464-77-8,Low,"PPDB|C,> 100|O,> 109.4|",Negative,CN(C)C(=O)C1=CC=CC=C1NS(=O)(=O)NC(=O)NC2=NC(=CC(=N2)OC)OC
Flumetsulam,98967-40-9,Low,"PPDB|C,> 100|",Negative,CC1=NC2=NC(=NN2C=C1)S(=O)(=O)NC3=C(C=CC=C3F)F
Mandestrobin,173662-97-0,Low,"PPDB|C,> 100|O,> 110.7|",Negative,CC1=CC(=C(C=C1)C)OCC2=CC=CC=C2C(C(=O)NC)OC
Cafenstrole,125306-83-4,Low,"PPDB|O,> 1000|",Negative,CCN(CC)C(=O)N1C=NC(=N1)S(=O)(=O)C2=C(C=C(C=C2C)C)C
Diclofop,40843-25-2,Low,"PPDB|C,> 100|O,> 131|",Negative,CC(C(=O)O)OC1=CC=C(C=C1)OC2=C(C=C(C=C2)Cl)Cl
Disodium methanearsonate,144-21-8,Low,"PPDB|C,> 20.7|",Negative,C[As](=O)([O-])[O-].[Na+].[Na+]
Diniconazole-M,83657-18-5,Low,"PPDB|C,> 20|",Negative,CC(C)(C)C(C(=CC1=C(C=C(C=C1)Cl)Cl)N2C=NC=N2)O
Fenoxaprop-ethyl,66441-23-4,Low,"PPDB|C,300|",Negative,CCOC(=O)C(C)OC1=CC=C(C=C1)OC2=NC3=C(O2)C=C(C=C3)Cl
Fluacrypyrim,229977-93-9,Low,"PPDB|C,300|",Negative,CC(C)OC1=NC(=CC(=N1)OCC2=CC=CC=C2C(=COC)C(=O)OC)C(F)(F)F
Metribuzin,21087-64-9,Low,"PPDB|C,> 100|O,> 76.7|",Negative,CC(C)(C)C1=NN=C(N(C1=O)N)SC
Myristyl alcohol,112-72-1,Low,"PPDB|O,> 85.0|",Negative,CCCCCCCCCCCCCCO
Pyriproxyfen,95737-68-1,Low,"PPDB|C,74|O,> 100|",Negative,CC(COC1=CC=C(C=C1)OC2=CC=CC=C2)OC3=CC=CC=N3
Bicyclopyrone,352010-68-5,Low,"PPDB|C,780.0|O,784.4|",Negative,COCCOCC1=C(C=CC(=N1)C(F)(F)F)C(=C2C(=O)C3CCC(C3)C2=O)O
Azocyclotin,41083-11-8,Low,"PPDB|U,100|",Negative,C1CCC(CC1)[Sn](C2CCCCC2)(C3CCCCC3)N4C=NC=N4
Imazethapyr,81335-77-5,Low,"PPDB|C,> 100|O,> 24.6|",Negative,CCC1=CN=C(C(=C1)C(=O)O)C2=NC(C(=O)N2)(C)C(C)C
Iminoctadine triacetate,57520-17-9,Low,"PPDB|O,> 100|",Negative,CC(=O)O.CC(=O)O.CC(=O)O.C(CCCCN=C(N)N)CCCNCCCCCCCCN=C(N)N
Sodium p-nitrophenolate,824-78-2,Low,"PPDB|C,111|O,61.2|",Negative,C1=CC(=CC=C1[N+](=O)[O-])[O-].[Na+]
Foramsulfuron,173159-57-4,Low,"PPDB|C,> 100|O,> 110.1|",Negative,CN(C)C(=O)C1=C(C=C(C=C1)NC=O)S(=O)(=O)NC(=O)NC2=NC(=CC(=N2)OC)OC
Chloramben,133-90-4,Low,"PPDB|U,14.5|",Negative,C1=C(C=C(C(=C1N)Cl)C(=O)O)Cl
Dalapon,75-99-0,Low,"PPDB|U,> 50|",Negative,CC(C(=O)O)(Cl)Cl
Flusulfamide,106917-52-6,Low,"PPDB|U,200|",Negative,C1=CC(=C(C=C1[N+](=O)[O-])Cl)NS(=O)(=O)C2=CC(=C(C=C2)Cl)C(F)(F)F
Florasulam,145701-23-1,Low,"PPDB|C,> 100|O,> 100|",Negative,COC1=NC=C(C2=NC(=NN21)S(=O)(=O)NC3=C(C=CC=C3F)F)F
Propachlor,1918-16-7,Low,"PPDB|O,197|",Negative,CC(C)N(C1=CC=CC=C1)C(=O)CCl
Metalaxyl,57837-19-1,Low,"PPDB|C,200|O,269|",Negative,CC1=C(C(=CC=C1)C)N(C(C)C(=O)OC)C(=O)COC
Fenchlorazole,103112-36-3,Low,"PPDB|C,> 300|",Negative,C1=CC(=C(C=C1Cl)Cl)N2C(=NC(=N2)C(=O)O)C(Cl)(Cl)Cl
Dimethachlor,50563-36-5,Low,"PPDB|C,> 200|O,> 300|",Negative,CC1=C(C(=CC=C1)C)N(CCOC)C(=O)CCl
Fluensulfone,318290-98-1,Low,"PPDB|C,167|U,170|",Negative,C1=C(SC(=N1)S(=O)(=O)CCC(=C(F)F)F)Cl
Captan,133-06-2,Low,"PPDB|C,> 200|O,> 100|",Negative,C1C=CCC2C1C(=O)N(C2=O)SC(Cl)(Cl)Cl
Cinidon-ethyl,142891-20-1,Low,"PPDB|C,> 200|O,> 200|",Negative,CCOC(=O)C(=CC1=C(C=CC(=C1)N2C(=O)C3=C(C2=O)CCCC3)Cl)Cl
Metiram,9006-42-2,Low,"PPDB|C,> 80|O,> 80|",Negative,C(CNC(=S)[S-])NC(=S)S.C(CNC(=S)[S-])NC(=S)S.[NH2-].[Zn]
Fosetyl,15845-66-6,Low,"PPDB|C,> 1000|O,> 462|",Negative,CCOP(=O)=O
Bromacil,314-40-9,Low,"PPDB|U,> 100|",Negative,CCC(C)N1C(=O)C(=C(NC1=O)C)Br
Haloxyfop-etotyl,87237-48-7,Low,"PPDB|O,> 100|",Negative,CCOCCOC(=O)C(C)OC1=CC=C(C=C1)OC2=C(C=C(C=N2)C(F)(F)F)Cl
Pyriofenone,688046-61-9,Low,"PPDB|C,> 100|O,> 100|",Negative,CC1=CC(=C(C(=C1C(=O)C2=C(C(=CN=C2OC)Cl)C)OC)OC)OC
Cyhalofop-butyl,122008-85-9,Low,"PPDB|C,> 100|O,> 100|",Negative,CCCCOC(=O)C(C)OC1=CC=C(C=C1)OC2=C(C=C(C=C2)C#N)F
Trifloxysulfuron-sodium,199119-58-9,Low,"PPDB|O,> 25|",Negative,COC1=CC(=NC(=N1)NC(=O)[N-]S(=O)(=O)C2=C(C=CC=N2)OCC(F)(F)F)OC.[Na+]
Chlorthiamid,1918-13-4,Low,"PPDB|C,77.3|",Negative,C1=CC(=C(C(=C1)Cl)C(=S)N)Cl
Quinmerac,90717-03-6,Low,"PPDB|C,> 100|O,> 108.5|",Negative,CC1=CN=C2C(=C1)C=CC(=C2C(=O)O)Cl
Penoxsulam,219714-96-2,Low,"PPDB|C,> 100|O,> 100|",Negative,COC1=CN=C(N2C1=NC(=N2)NS(=O)(=O)C3=C(C=CC=C3OCC(F)F)C(F)(F)F)OC
Imazapic,104098-48-8,Low,"PPDB|C,> 100000|",Negative,CC1=CN=C(C(=C1)C(=O)O)C2=NC(C(=O)N2)(C)C(C)C
Metazachlor,67129-08-2,Low,"PPDB|C,> 100|O,72.2|",Negative,CC1=C(C(=CC=C1)C)N(CN2C=CC=N2)C(=O)CCl
Propazine,139-40-2,Low,"PPDB|C,16|",Negative,CC(C)NC1=NC(=NC(=N1)Cl)NC(C)C
Fluenetil,4301-50-2,Low,"PPDB|C,> 100|",Negative,C1=CC=C(C=C1)C2=CC=C(C=C2)CC(=O)OCCF
Fenclorim,3740-92-9,Low,"PPDB|C,20|",Negative,C1=CC=C(C=C1)C2=NC(=CC(=N2)Cl)Cl
Aminocyclopyrachlor,858956-08-8,Low,"PPDB|C,> 100|",Negative,C1CC1C2=NC(=C(C(=N2)N)Cl)C(=O)O
Cyanazine,21725-46-2,Low,"PPDB|C,100|",Negative,CCNC1=NC(=NC(=N1)Cl)NC(C)(C)C#N
Quintozene,82-68-8,Low,"PPDB|C,100|",Negative,C1(=C(C(=C(C(=C1Cl)Cl)Cl)Cl)Cl)[N+](=O)[O-]
1-decanol,112-30-1,Low,"PPDB|C,> 13.8|",Negative,CCCCCCCCCCO
Anilazine,101-05-3,Low,"PPDB|O,100|",Negative,C1=CC=C(C(=C1)NC2=NC(=NC(=N2)Cl)Cl)Cl
Flufenpyr-ethyl,188489-07-8,Low,"PPDB|O,> 25|",Negative,CCOC(=O)COC1=C(C=C(C(=C1)N2C(=O)C(=C(C=N2)C(F)(F)F)C)F)Cl
Terbuthylazine,5915-41-3,Low,"PPDB|C,> 32|O,> 22.6|",Negative,CCNC1=NC(=NC(=N1)Cl)NC(C)(C)C
Quinoxyfen,124495-18-7,Low,"PPDB|C,> 100|O,> 100|",Negative,C1=CC(=CC=C1OC2=C3C(=CC(=CC3=NC=C2)Cl)Cl)F
Tridemorph,81412-43-3,Low,"PPDB|U,200|",Negative,CCCCCCCCCCCCCN1CC(OC(C1)C)C
Pentachlorophenol,87-86-5,Low,"PPDB|C,48|",Negative,C1(=C(C(=C(C(=C1Cl)Cl)Cl)Cl)Cl)O
Diclofop-methyl,51338-27-3,Low,"PPDB|C,> 100|O,> 131|",Negative,CC(C(=O)OC)OC1=CC=C(C=C1)OC2=C(C=C(C=C2)Cl)Cl
Chlozolinate,84332-86-5,Low,"PPDB|C,100|O,> 100|",Negative,CCOC(=O)C1(C(=O)N(C(=O)O1)C2=CC(=CC(=C2)Cl)Cl)C
Chloropicrin,76-06-2,Low,"PPDB|C,> 100|U,> 12.2|",Negative,C([N+](=O)[O-])(Cl)(Cl)Cl
Halauxifen-methyl,943831-98-9,Low,"PPDB|C,> 98.1|O,> 108|",Negative,COC1=C(C=CC(=C1F)C2=NC(=C(C(=C2)N)Cl)C(=O)OC)Cl
Indaziflam,950782-86-2,Low,"PPDB|C,> 100|",Negative,CC1CC2=C(C1NC3=NC(=NC(=N3)N)C(C)F)C=C(C=C2)C
Pyroxsulam,422556-08-9,Low,"PPDB|C,> 100|O,> 107.4|",Negative,COC1=CC(=NC2=NC(=NN12)NS(=O)(=O)C3=C(C=CN=C3OC)C(F)(F)F)OC
Napropamide-M,41643-35-0,Low,"PPDB|C,> 110|O,> 100|",Negative,CCN(CC)C(=O)C(C)OC1=CC=CC2=CC=CC=C21
Triflusulfuron,135990-29-3,Low,"PPDB|C,> 100|",Negative,CC1=CC=CC(=C1S(=O)(=O)NC(=O)NC2=NC(=NC(=N2)OCC(F)(F)F)N(C)C)C(=O)O
Mepanipyrim,110235-47-7,Low,"PPDB|C,> 51.1|O,> 51.1|",Negative,CC#CC1=CC(=NC(=N1)NC2=CC=CC=C2)C
Fentrazamide,158237-07-1,Low,"PPDB|C,> 150|",Negative,CCN(C1CCCCC1)C(=O)N2C(=O)N(N=N2)C3=CC=CC=C3Cl
Zinc borate,1332-07-6,Low,"PPDB|C,> 362|",Negative,B([O-])([O-])[O-].B([O-])([O-])[O-].[Zn+2].[Zn+2].[Zn+2]
Thiophanate-methyl,23564-05-8,Low,"PPDB|C,> 100|O,> 100|",Negative,COC(=O)NC(=S)NC1=CC=CC=C1NC(=S)NC(=O)OC
Flurochloridone,61213-25-0,Low,"PPDB|C,100|O,100|",Negative,C1C(C(C(=O)N1C2=CC=CC(=C2)C(F)(F)F)Cl)CCl
Flutolanil,66332-96-5,Low,"PPDB|C,> 200|O,> 208.7|",Negative,CC(C)OC1=CC=CC(=C1)NC(=O)C2=CC=CC=C2C(F)(F)F
Fenbutatin oxide,13356-08-6,Low,"PPDB|C,> 200|O,> 200|",Negative,CC(C)(C[Sn](CC(C)(C)C1=CC=CC=C1)(CC(C)(C)C2=CC=CC=C2)O[Sn](CC(C)(C)C3=CC=CC=C3)(CC(C)(C)C4=CC=CC=C4)CC(C)(C)C5=CC=CC=C5)C6=CC=CC=C6
"Glyphosate, potassium salt",70901-12-1,Low,"PPDB|C,> 100|",Negative,C(C(=O)O)NCP(=O)(O)[O-].[K+]
Trifloxysulfuron,145099-21-4,Low,"PPDB|C,> 25|",Negative,COC1=CC(=NC(=N1)NC(=O)NS(=O)(=O)C2=C(C=CC=N2)OCC(F)(F)F)OC
Florpyrauxifen-benzyl,1390661-72-9,Low,"PPDB|C,> 100|O,> 105.4|",Negative,COC1=C(C=CC(=C1F)C2=NC(=C(C(=C2F)N)Cl)C(=O)OCC3=CC=CC=C3)Cl
Monuron,150-68-5,Low,"PPDB|C,> 110|",Negative,CN(C)C(=O)NC1=CC=C(C=C1)Cl
Di-1-p-menthene,34363-01-4,Low,"PPDB|U,200|",Negative,CC1=CCC(CC1)C(C)C.CC1=CCC(CC1)C(C)C
Pretilachlor,51218-49-6,Low,"PPDB|C,93|",Negative,CCCOCCN(C1=C(C=CC=C1CC)CC)C(=O)CCl
Carbendazim,10605-21-7,Low,"PPDB|C,> 50|O,> 756|",Negative,COC(=O)NC1=NC2=CC=CC=C2N1
Metconazole,125116-23-6,Low,"PPDB|C,> 100|O,85|",Negative,CC1(CCC(C1(CN2C=NC=N2)O)CC3=CC=C(C=C3)Cl)C
(4-chlorophenoxy)acetic acid,122-88-3,Low,"PPDB|C,> 100|",Negative,C1=CC(=CC=C1OCC(=O)O)Cl
Carfentrazone-ethyl,128639-02-1,Low,"PPDB|C,> 200|O,> 200|",Negative,CCOC(=O)C(CC1=CC(=C(C=C1Cl)F)N2C(=O)N(C(=N2)C)C(F)F)Cl
Carboxin,5234-68-4,Low,"PPDB|C,> 100|O,> 100|",Negative,CC1=C(SCCO1)C(=O)NC2=CC=CC=C2
Propyzamide,23950-58-5,Low,"PPDB|C,> 136|",Negative,CC(C)(C#C)NC(=O)C1=CC(=CC(=C1)Cl)Cl
Thenylchlor,96491-05-3,Low,"PPDB|U,100|",Negative,CC1=C(C(=CC=C1)C)N(CC2=C(C=CS2)OC)C(=O)CCl
2-naphthyloxyacetic acid,120-23-0,Low,"PPDB|C,> 200|",Negative,C1=CC=C2C=C(C=CC2=C1)OCC(=O)O
Lufenuron,103055-07-8,Low,"PPDB|C,> 200|O,> 197|",Negative,C1=CC(=C(C(=C1)F)C(=O)NC(=O)NC2=CC(=C(C=C2Cl)OC(C(C(F)(F)F)F)(F)F)Cl)F
Linuron,330-55-2,Low,"PPDB|C,> 120.9|O,> 160|",Negative,CN(C(=O)NC1=CC(=C(C=C1)Cl)Cl)OC
Primisulfuron methyl,86209-51-0,Low,"PPDB|C,> 100|",Negative,COC(=O)C1=CC=CC=C1S(=O)(=O)NC(=O)NC2=NC(=CC(=N2)OC(F)F)OC(F)F
Dichlorprop-P 2-ethylyhexyl ester,865363-39-9,Low,"PPDB|C,> 180|O,> 178.1|",Negative,CCCCC(CC)COC(=O)C(C)OC1=C(C=C(C=C1)Cl)Cl
Tralkoxydim,87820-88-0,Low,"PPDB|C,> 100|O,> 117|",Negative,CCC(=C1C(=O)CC(CC1=O)C2=C(C=C(C=C2C)C)C)NOCC
Prosulfocarb,52888-80-9,Low,"PPDB|C,> 80|O,103.4|",Negative,CCCN(CCC)C(=O)SCC1=CC=CC=C1
Picolinafen,137641-05-5,Low,"PPDB|C,> 200|O,> 200|",Negative,C1=CC(=CC(=C1)OC2=CC=CC(=N2)C(=O)NC3=CC=C(C=C3)F)C(F)(F)F
Pyrasulfotole,365400-11-9,Low,"PPDB|C,75.0|",Negative,CC1=C(C(=O)N(N1)C)C(=O)C2=C(C=C(C=C2)C(F)(F)F)S(=O)(=O)C
Flonicamid,158062-67-0,Low,"PPDB|C,> 51100|O,> 53300|",Negative,C1=CN=CC(=C1C(F)(F)F)C(=O)NCC#N
Halfenprox,111872-58-3,Low,"PPDB|U,27000|",Negative,CC(C)(COCC1=CC(=CC=C1)OC2=CC=CC=C2)C3=CC=C(C=C3)OC(F)(F)Br
Fluazinam,79622-59-6,Low,"PPDB|C,> 200|O,> 100|",Negative,C1=C(C=NC(=C1Cl)NC2=C(C=C(C(=C2[N+](=O)[O-])Cl)C(F)(F)F)[N+](=O)[O-])C(F)(F)F
Butachlor,23184-66-9,Low,"PPDB|C,> 100|O,> 100|",Negative,CCCCOCN(C1=C(C=CC=C1CC)CC)C(=O)CCl
Quizalofop-P-tefuryl,119738-06-6,Low,"PPDB|C,> 100|O,> 100|",Negative,CC(C(=O)OCC1CCCO1)OC2=CC=C(C=C2)OC3=CN=C4C=C(C=CC4=N3)Cl
1-naphthylacetamide,86-86-2,Low,"PPDB|C,> 100|",Negative,C1=CC=C2C(=C1)C=CC=C2CC(=O)N
Flusilazole,85509-19-9,Low,"PPDB|C,165|O,33.8|",Negative,C[Si](CN1C=NC=N1)(C2=CC=C(C=C2)F)C3=CC=C(C=C3)F
Prometon,1610-18-0,Low,"PPDB|C,36|",Negative,CC(C)NC1=NC(=NC(=N1)OC)NC(C)C
Silthiofam,175217-20-6,Low,"PPDB|C,> 100|O,> 105.7|",Negative,CC1=C(SC(=C1C(=O)NCC=C)[Si](C)(C)C)C
Oxabetrinil,94593-79-0,Low,"PPDB|O,> 20|",Negative,C1COC(O1)CON=C(C#N)C2=CC=CC=C2
Flupoxam,119126-15-7,Low,"PPDB|C,> 40|",Negative,C1=CC=C(C=C1)C2=NC(=NN2C3=CC(=C(C=C3)Cl)COCC(C(F)(F)F)(F)F)C(=O)N
Clopyralid monoethanolamine salt,57754-85-5,Low,"PPDB|C,> 98.1|",Negative,C1=CC(=NC(=C1Cl)C(=O)O)Cl.C(CO)N
Topramezone,210631-68-8,Low,"PPDB|C,> 100|O,> 72.05|",Negative,CC1=C(C=CC(=C1C2=NOCC2)S(=O)(=O)C)C(=O)C3=CNN(C3=O)C
Chlorothalonil,1897-45-6,Low,"PPDB|C,> 40|O,> 40|",Negative,C(#N)C1=C(C(=C(C(=C1Cl)Cl)Cl)C#N)Cl
Disodium phosphonate,13708-85-5,Low,"PPDB|O,> 520|",Negative,P([O-])([O-])=O.[Na+].[Na+]
Glufosinate-ammonium,77182-82-2,Low,"PPDB|C,> 345|O,> 600|",Negative,CP(=O)(CCC(C(=O)[O-])N)O.[NH4+]
Lenacil,8/1/1964,Low,"PPDB|C,> 25|O,> 100|",Negative,C1CCC(CC1)N2C(=O)C3=C(CCC3)NC2=O
Binapacryl,485-31-4,Low,"PPDB|C,> 50|",Negative,CCC(C)C1=CC(=CC(=C1OC(=O)C=C(C)C)[N+](=O)[O-])[N+](=O)[O-]
Dichlorprop,120-36-5,Low,"PPDB|C,16|",Negative,CC(C(=O)O)OC1=C(C=C(C=C1)Cl)Cl
Acetochlor,34256-82-1,Low,"PPDB|C,> 200|O,> 100|",Negative,CCC1=CC=CC(=C1N(COCC)C(=O)CCl)C
Chlorbromuron,13360-45-7,Low,"PPDB|C,16|",Negative,CN(C(=O)NC1=CC(=C(C=C1)Br)Cl)OC
Ethanamine,274671-61-3,Low,"PPDB|U,> 25|",Negative,CC[NH+](CC)CCOCC1=CC=C(C=C1)C.[Cl-]
Cyhalofop,122008-78-0,Low,"PPDB|O,> 40|",Negative,CC(C(=O)O)OC1=CC=C(C=C1)OC2=C(C=C(C=C2)C#N)F
Diclomezine,62865-36-5,Low,"PPDB|C,> 100|O,> 100|",Negative,CC1=C(C=C(C=C1Cl)C2=NNC(=O)C=C2)Cl
Hydramethylnon,67485-29-4,Low,"PPDB|C,> 30|",Negative,CC1(CNC(=NC1)NN=C(C=CC2=CC=C(C=C2)C(F)(F)F)C=CC3=CC=C(C=C3)C(F)(F)F)C
Cyazofamid,120116-88-3,Low,"PPDB|C,> 100|O,> 151.7|",Negative,CC1=CC=C(C=C1)C2=C(N=C(N2S(=O)(=O)N(C)C)C#N)Cl
Orysastrobin,248593-16-0,Low,"PPDB|U,142|",Negative,CC(=NOC)C(=NOC)C(=NOCC1=CC=CC=C1C(=NOC)C(=O)NC)C
Dalapon-sodium,127-20-8,Low,"PPDB|U,> 50|",Negative,CC(C(=O)[O-])(Cl)Cl.[Na+]
Azoxystrobin,131860-33-8,Low,"PPDB|C,> 200|O,> 25|",Negative,COC=C(C1=CC=CC=C1OC2=NC=NC(=C2)OC3=CC=CC=C3C#N)C(=O)OC
Daminozide,1596-84-5,Low,"PPDB|U,> 200|",Negative,CN(C)NC(=O)CCC(=O)O
Triazophos,24017-47-8,Low,"PPDB|C,59.8|",Negative,CCOP(=S)(OCC)OC1=NN(C=N1)C2=CC=CC=C2
Halauxifen,943832-60-8,Low,"PPDB|C,> 98.1|O,> 108|",Negative,COC1=C(C=CC(=C1F)C2=NC(=C(C(=C2)N)Cl)C(=O)O)Cl
Pydiflumetofen,1228284-64-7,Low,"PPDB|C,> 100|O,> 100|",Negative,CC(CC1=C(C=C(C=C1Cl)Cl)Cl)N(C(=O)C2=CN(N=C2C(F)F)C)OC
Mancozeb,1/7/2018,Low,"PPDB|C,> 85.3|O,> 110.0|",Negative,C(CNC(=S)[S-])NC(=S)[S-].C(CNC(=S)[S-])NC(=S)[S-].[Mn+2].[Zn+2]
Ethofumesate,26225-79-6,Low,"PPDB|C,> 50|O,> 50|",Negative,CCOC1C(C2=C(O1)C=CC(=C2)OS(=O)(=O)C)(C)C
Cyclosulfamuron,136849-15-5,Low,"PPDB|O,> 99.0|",Negative,COC1=CC(=NC(=N1)NC(=O)NS(=O)(=O)NC2=CC=CC=C2C(=O)C3CC3)OC
Thidiazuron,51707-55-2,Low,"PPDB|U,105|",Negative,C1=CC=C(C=C1)NC(=O)NC2=CN=NS2
Fenoxaprop-P-ethyl,71283-80-2,Low,"PPDB|C,> 36.4|O,> 109.5|",Negative,CCOC(=O)C(C)OC1=CC=C(C=C1)OC2=NC3=C(O2)C=C(C=C3)Cl
Etoxazole,153233-91-1,Low,"PPDB|C,> 200|O,> 200|",Negative,CCOC1=C(C=CC(=C1)C(C)(C)C)C2COC(=N2)C3=C(C=CC=C3F)F
Triadimefon,43121-43-3,Low,"PPDB|O,> 25|",Negative,CC(C)(C)C(=O)C(N1C=NC=N1)OC2=CC=C(C=C2)Cl
Pyridalyl,179101-81-6,Low,"PPDB|C,> 100|O,> 100|",Negative,C1=CC(=NC=C1C(F)(F)F)OCCCOC2=C(C=C(C=C2Cl)OCC=C(Cl)Cl)Cl
Atrazine,1912-24-9,Low,"PPDB|C,> 100|O,> 100|",Negative,CCNC1=NC(=NC(=N1)Cl)NC(C)C
Benzobicyclon,156963-66-5,Low,"PPDB|O,200|",Negative,CS(=O)(=O)C1=CC(=C(C=C1)C(=O)C2=C(C3CCC(C3)C2=O)SC4=CC=CC=C4)Cl
Maneb,12427-38-2,Low,"PPDB|C,> 100|O,> 89.5|",Negative,C(CNC(=S)[S-])NC(=S)[S-].[Mn+2]
Difenzoquat metilsulfate,43222-48-6,Low,"PPDB|C,36|",Negative,CN1C(=CC(=[N+]1C)C2=CC=CC=C2)C3=CC=CC=C3.COS(=O)(=O)[O-]
Piperophos,24151-93-7,Low,"PPDB|C,22.0|",Negative,CCCOP(=S)(OCCC)SCC(=O)N1CCCCC1C
Mefenpyr diethyl,135590-91-9,Low,"PPDB|C,> 700|O,> 926|",Negative,CCOC(=O)C1=NN(C(C1)(C)C(=O)OCC)C2=C(C=C(C=C2)Cl)Cl
Triazamate,112143-82-5,Low,"PPDB|C,27|",Negative,CCOC(=O)CSC1=NC(=NN1C(=O)N(C)C)C(C)(C)C
Calcium chloride,10043-52-4,Low,"PPDB|U,> 100|",Negative,[Cl-].[Cl-].[Ca+2]
Cyhexatin,13121-70-5,Low,"PPDB|C,32|",Negative,C1CCC(CC1)[Sn](C2CCCCC2)C3CCCCC3.O
Metominostrobin,133408-50-1,Low,"PPDB|C,> 100|",Negative,CNC(=O)C(=NOC)C1=CC=CC=C1OC2=CC=CC=C2
Oxyfluorfen,42874-03-3,Low,"PPDB|C,> 100|O,> 100|",Negative,CCOC1=C(C=CC(=C1)OC2=C(C=C(C=C2)C(F)(F)F)Cl)[N+](=O)[O-]
Mefentrifluconazole,1417782-03-6,Low,"PPDB|C,> 100|O,> 100|",Negative,CC(CN1C=NC=N1)(C2=C(C=C(C=C2)OC3=CC=C(C=C3)Cl)C(F)(F)F)O
Folpet,133-07-3,Low,"PPDB|C,> 200|O,> 236|",Negative,C1=CC=C2C(=C1)C(=O)N(C2=O)SC(Cl)(Cl)Cl
Ancymidol,12771-68-5,Low,"PPDB|C,> 100|",Negative,COC1=CC=C(C=C1)C(C2CC2)(C3=CN=CN=C3)O
Oryzalin,19044-88-3,Low,"PPDB|C,40.8|O,32|",Negative,CCCN(CCC)C1=C(C=C(C=C1[N+](=O)[O-])S(=O)(=O)N)[N+](=O)[O-]
Kasugamycin hydrochloride hydrate,19408-46-9,Low,"PPDB|C,> 40|",Negative,CC1C(CC(C(O1)OC2C(C(C(C(C2O)O)O)O)O)N)N=C(C(=O)O)N.Cl
Dimethomorph,110488-70-5,Low,"PPDB|C,> 102|O,> 32.4|",Negative,COC1=C(C=C(C=C1)C(=CC(=O)N2CCOCC2)C3=CC=C(C=C3)Cl)OC
Sulphur,7704-34-9,Low,"PPDB|C,> 100|O,> 106.8|",Negative,S
Tiocarbazil,36756-79-3,Low,"PPDB|U,> 100|",Negative,CCC(C)N(C(C)CC)C(=O)SCC1=CC=CC=C1
Penthiopyrad,183675-82-3,Low,"PPDB|C,> 500|O,> 500|",Negative,CC(C)CC(C)C1=C(C=CS1)NC(=O)C2=CN(N=C2C(F)(F)F)C
Fenothiocarb,62850-32-2,Low,"PPDB|C,> 200|",Negative,CN(C)C(=O)SCCCCOC1=CC=CC=C1
Triafamone,874195-61-6,Low,"PPDB|C,> 100|O,55.8|",Negative,CN(C1=C(C=CC=C1F)C(=O)C2=NC(=NC(=N2)OC)OC)S(=O)(=O)C(F)F
Sulfometuron-methyl,74222-97-2,Low,"PPDB|C,> 100|",Negative,CC1=CC(=NC(=N1)NC(=O)NS(=O)(=O)C2=CC=CC=C2C(=O)OC)C
Cymoxanil,57966-95-7,Low,"PPDB|C,> 100|O,> 85.3|",Negative,CCNC(=O)NC(=O)C(=NOC)C#N
Tepraloxydim,149979-41-9,Low,"PPDB|O,> 200|",Negative,CCC(=C1C(=O)CC(CC1=O)C2CCOCC2)NOCC=CCl
Clopyralid,1702-17-6,Low,"PPDB|C,> 98.1|O,> 100|",Negative,C1=CC(=NC(=C1Cl)C(=O)O)Cl
Fenamidone,161326-34-7,Low,"PPDB|C,> 74.8|O,> 159.8|",Negative,CC1(C(=O)N(C(=N1)SC)NC2=CC=CC=C2)C3=CC=CC=C3
Prosulfuron,94125-34-5,Low,"PPDB|C,> 100|O,> 100|",Negative,CC1=NC(=NC(=N1)OC)NC(=O)NS(=O)(=O)C2=CC=CC=C2CCC(F)(F)F
Terbutryn,886-50-0,Low,"PPDB|C,> 225|",Negative,CCNC1=NC(=NC(=N1)SC)NC(C)(C)C
DNOC,534-52-1,Low,"PPDB|O,204|",Negative,CC1=CC(=CC(=C1O)[N+](=O)[O-])[N+](=O)[O-]
Benalaxyl,71626-11-4,Low,"PPDB|C,> 100|O,> 22.6|",Negative,CC1=C(C(=CC=C1)C)N(C(C)C(=O)OC)C(=O)CC2=CC=CC=C2
Triclopyr,55335-06-3,Low,"PPDB|C,> 100|",Negative,C1=C(C(=NC(=C1Cl)Cl)OCC(=O)O)Cl
Pyroxasulfone,447399-55-5,Low,"PPDB|C,> 100|",Negative,CC1(CC(=NO1)S(=O)(=O)CC2=C(N(N=C2C(F)(F)F)C)OC(F)F)C
Procymidone,32809-16-8,Low,"PPDB|C,> 100|O,> 100|",Negative,CC12CC1(C(=O)N(C2=O)C3=CC(=CC(=C3)Cl)Cl)C
Aluminium silicate,1332-58-7,Low,"PPDB|C,> 100|O,> 1000|",Negative,O.O.O=[Al]O[Si](=O)O[Si](=O)O[Al]=O
Fosamine,59682-52-9,Low,"PPDB|C,> 200|",Negative,CCOP(=O)(C(=O)N)O
Paraquat dichloride,1910-42-5,Low,"PPDB|C,72|U,> 48|",Negative,C[N+]1=CC=C(C=C1)C2=CC=[N+](C=C2)C.[Cl-].[Cl-]
Prothioconazole,178928-70-6,Low,"PPDB|C,> 100|O,> 71|",Negative,C1CC1(C(CC2=CC=CC=C2Cl)(CN3C(=S)N=CN3)O)Cl
Tebuthiuron,34014-18-1,Low,"PPDB|C,> 30|",Negative,CC(C)(C)C1=NN=C(S1)N(C)C(=O)NC
Imazamethabenz,100728-84-5,Low,"PPDB|C,> 100|",Negative,CC1=CC(=C(C=C1)C(=O)O)C2=NC(C(=O)N2)(C)C(C)C
Fluoroglycofen,77501-60-1,Low,"PPDB|C,> 100|",Negative,C1=CC(=C(C=C1C(F)(F)F)Cl)OC2=CC(=C(C=C2)[N+](=O)[O-])C(=O)OCC(=O)O
Phthalide,27355-22-2,Low,"PPDB|C,400|",Negative,C1C2=C(C(=C(C(=C2Cl)Cl)Cl)Cl)C(=O)O1
Cloransulam-methyl,147150-35-4,Low,"PPDB|C,> 25|",Negative,CCOC1=NC(=CC2=NC(=NN21)S(=O)(=O)NC3=C(C=CC=C3Cl)C(=O)OC)F
Ferbam,14484-64-1,Low,"PPDB|C,12.1|",Negative,CN(C)C(=S)[S-].CN(C)C(=S)[S-].CN(C)C(=S)[S-].[Fe+3]
Teflubenzuron,83121-18-0,Low,"PPDB|C,100|O,72|",Negative,C1=CC(=C(C(=C1)F)C(=O)NC(=O)NC2=CC(=C(C(=C2F)Cl)F)Cl)F
Acifluorfen-sodium,62476-59-9,Low,"PPDB|C,100|",Negative,C1=CC(=C(C=C1C(F)(F)F)Cl)OC2=CC(=C(C=C2)[N+](=O)[O-])C(=O)[O-].[Na+]
Pinoxaden,243973-20-8,Low,"PPDB|C,> 100|O,> 200|",Negative,CCC1=CC(=CC(=C1C2=C(N3CCOCCN3C2=O)OC(=O)C(C)(C)C)CC)C
Triadimenol,55219-65-3,Low,"PPDB|C,> 200|O,> 224.8|",Negative,CC(C)(C)C(C(N1C=NC=N1)OC2=CC=C(C=C2)Cl)O
Mepronil,55814-41-0,Low,"PPDB|O,> 100|",Negative,CC1=CC=CC=C1C(=O)NC2=CC(=CC=C2)OC(C)C
Nuarimol,63284-71-9,Low,"PPDB|C,21.6|",Negative,C1=CC=C(C(=C1)C(C2=CC=C(C=C2)F)(C3=CN=CN=C3)O)Cl
Zoxamide,156052-68-5,Low,"PPDB|C,> 100|",Negative,CCC(C)(C(=O)CCl)NC(=O)C1=CC(=C(C(=C1)Cl)C)Cl
Butroxydim,138164-12-2,Low,"PPDB|C,200|",Negative,CCCC(=O)C1=C(C(=C(C=C1C)C)C2CC(=O)C(=C(CC)NOCC)C(=O)C2)C
Benoxacor,98730-04-2,Low,"PPDB|O,100|",Negative,CC1COC2=CC=CC=C2N1C(=O)C(Cl)Cl
Pymetrozine,123312-89-0,Low,"PPDB|C,> 200|O,> 117|",Negative,CC1=NNC(=O)N(C1)N=CC2=CN=CC=C2
Thiobencarb,28249-77-6,Low,"PPDB|C,> 100|O,> 100|",Negative,CCN(CC)C(=O)SCC1=CC=C(C=C1)Cl
Beflubutamid,113614-08-7,Low,"PPDB|C,> 200|O,> 200|",Negative,CCC(C(=O)NCC1=CC=CC=C1)OC2=CC(=C(C=C2)F)C(F)(F)F
Alloxydim,55634-91-8,Low,"PPDB|C,> 16|",Negative,CCCC(=C1C(=O)CC(C(C1=O)C(=O)OC)(C)C)NOCC=C
Epoxiconazole,135319-73-2,Low,"PPDB|C,> 100|O,> 83|",Negative,C1=CC=C(C(=C1)C2C(O2)(CN3C=NC=N3)C4=CC=C(C=C4)F)Cl
Ethaboxam,162650-77-3,Low,"PPDB|C,51|",Negative,CCC1=C(SC(=N1)NCC)C(=O)NC(C#N)C2=CC=CS2
Dithianon,3347-22-6,Low,"PPDB|C,> 100|O,> 25.4|",Negative,C1=CC=C2C(=C1)C(=O)C3=C(C2=O)SC(=C(S3)C#N)C#N
Methazole,20354-26-1,Low,"PPDB|U,362|",Negative,CN1C(=O)N(OC1=O)C2=CC(=C(C=C2)Cl)Cl
TCA-sodium,650-51-1,Low,"PPDB|U,> 100|",Negative,C(=O)(C(Cl)(Cl)Cl)[O-].[Na+]
Nabam,142-59-6,Low,"PPDB|C,> 12.1|",Negative,C(CNC(=S)[S-])NC(=S)[S-].[Na+].[Na+]
Boscalid,188425-85-6,Low,"PPDB|C,> 200|O,100|",Negative,C1=CC=C(C(=C1)C2=CC=C(C=C2)Cl)NC(=O)C3=C(N=CC=C3)Cl
Pyroquilone,57369-32-1,Low,"PPDB|O,20|",Negative,C1CC(=O)N2CCC3=CC=CC1=C32
Imazamethabenz-methyl,81405-85-8,Low,"PPDB|O,> 100|",Negative,COC(=O)c1ccc(C)cc1C2=NC(C)(C(C)C)C(=O)N2.COC(=O)c3cc(C)ccc3C4=NC(C)(C(C)C)C(=O)N4
Metobromuron,3060-89-7,Low,"PPDB|C,> 200|O,119.1|",Negative,CN(C(=O)NC1=CC=C(C=C1)Br)OC
Copper II carbonate,12069-69-1,Low,"PPDB|U,> 50|",Negative,C(=O)([O-])[O-].[Cu+2]
Picoxystrobin,117428-22-5,Low,"PPDB|C,> 200|O,> 200|",Negative,C1=CC(=CC(=C1)OC2=CC=CC(=N2)C(=O)NC3=CC=C(C=C3)F)C(F)(F)F
Dicofol,115-32-2,Low,"PPDB|O,> 50|",Negative,C1=CC(=CC=C1C(C2=CC=C(C=C2)Cl)(C(Cl)(Cl)Cl)O)Cl
Dazomet,533-74-4,Low,"PPDB|C,> 24|",Negative,CN1CN(C(=S)SC1)C
Iprobenfos,26087-47-8,Low,"PPDB|U,> 37.3|",Negative,CC(C)OP(=O)(OC(C)C)SCC1=CC=CC=C1
Triflumuron,64628-44-0,Low,"PPDB|C,> 200|O,> 226|",Negative,C1=CC=C(C(=C1)C(=O)NC(=O)NC2=CC=C(C=C2)OC(F)(F)F)Cl
Pyraflufen-ethyl,129630-19-9,Low,"PPDB|C,> 100|O,> 223|",Negative,CCOC(=O)COC1=C(C=C(C(=C1)C2=NN(C(=C2Cl)OC(F)F)C)F)Cl
Flufenoxuron,101463-69-8,Low,"PPDB|C,> 100|O,> 109.1|",Negative,C1=CC(=C(C(=C1)F)C(=O)NC(=O)NC2=C(C=C(C=C2)OC3=C(C=C(C=C3)C(F)(F)F)Cl)F)F
Desmedipham,13684-56-5,Low,"PPDB|C,> 100|O,> 100.6|",Negative,CCOC(=O)NC1=CC(=CC=C1)OC(=O)NC2=CC=CC=C2
Fentin hydroxide,76-87-9,Low,"PPDB|C,114.8|",Negative,C1=CC=C(C=C1)[Sn](C2=CC=CC=C2)C3=CC=CC=C3.O
Aldoxycarb,1646-88-4,Low,"PPDB|C,50|",Negative,CC(C)(C=NOC(=O)NC)S(=O)(=O)C
Lactofen,77501-63-4,Low,"PPDB|C,> 160|",Negative,CCOC(=O)C(C)OC(=O)C1=C(C=CC(=C1)OC2=C(C=C(C=C2)C(F)(F)F)Cl)[N+](=O)[O-]
Mecoprop-P,16484-77-8,Low,"PPDB|C,> 100|O,> 100|",Negative,CC1=C(C=CC(=C1)Cl)OC(C)C(=O)O
Quizalofop-P-ethyl,100646-51-3,Low,"PPDB|C,> 100|O,> 100|",Negative,CCOC(=O)C(C)OC1=CC=C(C=C1)OC2=CN=C3C=C(C=CC3=N2)Cl
Chloroxuron,1982-47-4,Low,"PPDB|C,16|",Negative,CN(C)C(=O)NC1=CC=C(C=C1)OC2=CC=C(C=C2)Cl
Fluridone,59756-60-4,Low,"PPDB|O,363|",Negative,CN1C=C(C(=O)C(=C1)C2=CC(=CC=C2)C(F)(F)F)C3=CC=CC=C3
Pyridate,55512-33-9,Low,"PPDB|C,> 100|O,> 100|",Negative,CCCCCCCCSC(=O)OC1=CC(=NN=C1C2=CC=CC=C2)Cl
Bensulfuron-methyl,83055-99-6,Low,"PPDB|C,> 100|O,> 51.4|",Negative,COC1=CC(=NC(=N1)NC(=O)NS(=O)(=O)CC2=CC=CC=C2C(=O)OC)OC
Difenoconazole,119446-68-3,Low,"PPDB|C,> 100|O,> 177|",Negative,CC1COC(O1)(CN2C=NC=N2)C3=C(C=C(C=C3)OC4=CC=C(C=C4)Cl)Cl
Dicamba,1918-00-9,Low,"PPDB|C,> 100|O,> 100|",Negative,COC1=C(C=CC(=C1C(=O)O)Cl)Cl
Tebufenozide,112410-23-8,Low,"PPDB|C,> 234|O,> 100|",Negative,CCC1=CC=C(C=C1)C(=O)NN(C(=O)C2=CC(=CC(=C2)C)C)C(C)(C)C
"2,3,6-TBA",50-31-7,Low,"PPDB|U,> 100|",Negative,C1=CC(=C(C(=C1Cl)C(=O)O)Cl)Cl
Benfluralin,1861-40-1,Low,"PPDB|C,> 100|O,> 110.7|",Negative,CCCCN(CC)C1=C(C=C(C=C1[N+](=O)[O-])C(F)(F)F)[N+](=O)[O-]
Tritosulfuron,142469-14-5,Low,"PPDB|C,200|O,200|",Negative,COC1=NC(=NC(=N1)NC(=O)NS(=O)(=O)C2=CC=CC=C2C(F)(F)F)C(F)(F)F
"Paraffin oil (C18-C30) (1, not ASU)",8042-47-5,Low,"PPDB|C,> 3814|O,1474|U,> 1474|",Negative,C1=CC=C(C=C1)N=NC2=C(C=CC3=CC(=CC(=C32)S(=O)(=O)[O-])S(=O)(=O)[O-])O.[Na+].[Na+]
Dipropetryn,4147-51-7,Low,"PPDB|C,> 100|U,Virtually non-toxic|",Negative,CCSC1=NC(=NC(=N1)NC(C)C)NC(C)C
Fluometuron,2164-17-2,Low,"PPDB|C,> 100|O,> 34.0|",Negative,CN(C)C(=O)NC1=CC=CC(=C1)C(F)(F)F
Ethalfluralin,55283-68-6,Low,"PPDB|C,> 100|O,> 109.9|",Negative,CCN(CC(=C)C)C1=C(C=C(C=C1[N+](=O)[O-])C(F)(F)F)[N+](=O)[O-]
Pyribenzoxim,168088-61-7,Low,"PPDB|U,> 100|",Negative,COC1=CC(=NC(=N1)OC2=C(C(=CC=C2)OC3=NC(=CC(=N3)OC)OC)C(=O)ON=C(C4=CC=CC=C4)C5=CC=CC=C5)OC
Phenmedipham,13684-63-4,Low,"PPDB|C,> 100|O,> 104.8|",Negative,CC1=CC(=CC=C1)NC(=O)OC2=CC=CC(=C2)NC(=O)OC
Quinclorac,84087-01-4,Low,"PPDB|C,181|",Negative,C1=CC(=C(C2=NC=C(C=C21)Cl)C(=O)O)Cl
Ethoxysulfuron,126801-58-9,Low,"PPDB|C,> 200|O,> 1000|",Negative,CCOC1=CC=CC=C1OS(=O)(=O)NC(=O)NC2=NC(=CC(=N2)OC)OC
Chinomethionat,1/2/1939,Low,"PPDB|U,100|",Negative,CC1=CC2=C(C=C1)N=C3C(=N2)SC(=O)S3
Isopyrazam,881685-58-1,Low,"PPDB|C,> 200|O,> 192.3|",Negative,CC(C)C1C2CCC1C3=C2C=CC=C3NC(=O)C4=CN(N=C4C(F)F)C
Fenpyrazamine,473798-59-3,Low,"PPDB|C,> 100|O,> 100|",Negative,CC1=CC=CC=C1C2=C(N(N(C2=O)C(C)C)C(=O)SCC=C)N
Norflurazon,27314-13-2,Low,"PPDB|C,> 236|U,235|",Negative,CNC1=C(C(=O)N(N=C1)C2=CC=CC(=C2)C(F)(F)F)Cl
Piproctanyl bromide,56717-11-4,Low,"PPDB|C,> 100|U,Non-toxic|",Negative,CC(C)CCCC(C)CC[N+]1(CCCCC1)CC=C.[Br-]
Dioxathion,78-34-2,Low,"PPDB|U,> 50|",Negative,CCOP(=S)(OCC)SC1C(OCCO1)SP(=S)(OCC)OCC
Bromomethane,74-83-9,Low,"PPDB|U,> 50|",Negative,CBr
Glyphosate,1071-83-6,Low,"PPDB|C,> 100|O,100|",Negative,C(C(=O)O)NCP(=O)(O)O
Dimethipin,55290-64-7,Low,"PPDB|O,64.7|",Negative,CC1=C(S(=O)(=O)CCS1(=O)=O)C
Fluroxypyr,69377-81-7,Low,"PPDB|C,> 180|O,37.1|",Negative,C(C(=O)O)OC1=NC(=C(C(=C1Cl)N)Cl)F
Meptyldinocap,131-72-6,Low,"PPDB|C,84.8|O,90|",Negative,CCCCCCC(C)C1=CC(=CC(=C1OC(=O)C=CC)[N+](=O)[O-])[N+](=O)[O-]
Isoproturon,34123-59-6,Low,"PPDB|C,200|O,195|",Negative,CC(C)C1=CC=C(C=C1)NC(=O)N(C)C
Cyproconazole,94361-06-5,Low,"PPDB|C,> 100|O,> 100|",Negative,CC(C1CC1)C(CN2C=NC=N2)(C3=CC=C(C=C3)Cl)O
Dodemorph acetate,31717-87-0,Low,"PPDB|C,> 76.6|O,> 106.3|",Negative,CC1CN(CC(O1)C)C2CCCCCCCCCCC2.CC(=O)O
Diflovidazin,162320-67-4,Low,"PPDB|O,25.0|",Negative,C1=CC=C(C(=C1)C2=NN=C(N=N2)C3=C(C=CC=C3F)F)Cl
Copper sulphate,12527-76-3,Low,"PPDB|C,> 23.5|O,40.0|",Negative,[O-]S(=O)(=O)[O-].[Cu+2]
Ametryn,834-12-8,Low,"PPDB|O,> 100|",Negative,CCNC1=NC(=NC(=N1)SC)NC(C)C
Cymiazol,61676-87-7,Low,"PPDB|U,> 50|",Negative,CC1=CC(=C(C=C1)N=C2N(C=CS2)C)C
Sodium tetraborate pentahydrate,11130-12-4,Low,"PPDB|C,> 362|",Negative,B(O)(O)O.O.O.O.O.O.[Na+]
Tembotrione,335104-84-2,Low,"PPDB|C,> 100|O,> 92.8|",Negative,CS(=O)(=O)C1=C(C(=C(C=C1)C(=O)C2C(=O)CCCC2=O)Cl)COCC(F)(F)F
Copper (1) oxide,1317-39-1,Low,"PPDB|C,> 22.0|O,> 116|",Negative,[Cu].[Cu].O
Halofenozide,112226-61-6,Low,"PPDB|C,> 100|",Negative,CC(C)(C)N(C(=O)C1=CC=CC=C1)NC(=O)C2=CC=C(C=C2)Cl
Fenhexamid,126833-17-8,Low,"PPDB|C,> 200|O,> 102.07|",Negative,CC1(CCCCC1)C(=O)NC2=C(C(=C(C=C2)O)Cl)Cl
Nitrofen,1836-75-5,Low,"PPDB|U,> 50|",Negative,C1=CC(=CC=C1[N+](=O)[O-])OC2=C(C=C(C=C2)Cl)Cl
Pencycuron,66063-05-6,Low,"PPDB|C,> 100|O,> 98.5|",Negative,C1CCC(C1)N(CC2=CC=C(C=C2)Cl)C(=O)NC3=CC=CC=C3
Chlorthal-dimethyl,1861-32-1,Low,"PPDB|C,> 100|O,> 100|",Negative,COC(=O)C1=C(C(=C(C(=C1Cl)Cl)C(=O)OC)Cl)Cl
Bromuconazole,116255-48-2,Low,"PPDB|C,> 500|O,> 100|",Negative,C1C(COC1(CN2C=NC=N2)C3=C(C=C(C=C3)Cl)Cl)Br
Terbacil,5902-51-2,Low,"PPDB|C,> 193|U,> 50|",Negative,CC1=C(C(=O)N(C(=O)N1)C(C)(C)C)Cl
Bispyribac-sodium,125401-92-5,Low,"PPDB|C,> 200|O,> 141|",Negative,COC1=CC(=NC(=N1)OC2=C(C(=CC=C2)OC3=NC(=CC(=N3)OC)OC)C(=O)[O-])OC.[Na+]
Limestone,1317-65-3,Low,"PPDB|U,> 10000|",Negative,C(=O)([O-])[O-].[Ca+2]
Simazine,122-34-9,Low,"PPDB|C,97|",Negative,CCNC1=NC(=NC(=N1)Cl)NCC
Sodium chlorate,9/9/1975,Low,"PPDB|C,> 116|O,> 75|",Negative,[O-]Cl(=O)=O.[Na+]
Vinclozolin,50471-44-8,Low,"PPDB|O,> 100|",Negative,CC1(C(=O)N(C(=O)O1)C2=CC(=CC(=C2)Cl)Cl)C=C
Ethion,563-12-2,Low,"PPDB|U,20.6|",Negative,CCOP(=S)(OCC)SCSP(=S)(OCC)OCC
Sulfentrazone,122836-35-5,Low,"PPDB|C,> 25.1|",Negative,CC1=NN(C(=O)N1C(F)F)C2=CC(=C(C=C2Cl)Cl)NS(=O)(=O)C
Fluxapyroxad,907204-31-3,Low,"PPDB|C,> 100|O,> 110.9|",Negative,CN1C=C(C(=N1)C(F)F)C(=O)NC2=CC=CC=C2C3=CC(=C(C(=C3)F)F)F
Bixafen,581809-46-3,Low,"PPDB|C,> 121.4|O,> 100|",Negative,CN1C=C(C(=N1)C(F)F)C(=O)NC2=C(C=C(C=C2)F)C3=CC(=C(C=C3)Cl)Cl
Diquat dibromide,85-00-7,Low,"PPDB|C,> 20.1|O,50.7|U,24.3|",Negative,C1C[N+]2=CC=CC=C2C3=CC=CC=[N+]31.[Br-].[Br-]
Saflufenacil,372137-35-4,Low,"PPDB|C,> 100|",Negative,CC(C)N(C)S(=O)(=O)NC(=O)C1=CC(=C(C=C1Cl)F)N2C(=O)C=C(N(C2=O)C)C(F)(F)F
Bupirimate,41483-43-6,Low,"PPDB|C,> 50|O,> 200|",Negative,CCCCC1=C(N=C(N=C1OS(=O)(=O)N(C)C)NCC)C
Methoxyfenozide,161050-58-4,Low,"PPDB|C,> 100|O,> 100|",Negative,CC1=CC(=CC(=C1)C(=O)N(C(C)(C)C)NC(=O)C2=C(C(=CC=C2)OC)C)C
Trinexapac-ethyl,95266-40-3,Low,"PPDB|C,> 200|O,> 200|",Negative,CCOC(=O)C1CC(=O)C(=C(C2CC2)O)C(=O)C1
Dodemorph,1593-77-7,Low,"PPDB|C,> 76.6|O,> 106.3|",Negative,CC1CN(CC(O1)C)C2CCCCCCCCCCC2
Kelevan,4234-79-1,Low,"PPDB|O,1000|",Negative,CCOC(=O)CCC(=O)CC1(C2(C3(C4(C1(C5(C2(C3(C(C45Cl)(Cl)Cl)Cl)Cl)Cl)Cl)Cl)Cl)Cl)O
Trimethacarb,2686-99-9,Low,"PPDB|C,47.9|",Negative,CC1=CC(=CC(=C1C)C)OC(=O)NC
Flubendiamide,272451-65-7,Low,"PPDB|C,> 200|O,> 200|",Negative,CC1=C(C=CC(=C1)C(C(F)(F)F)(C(F)(F)F)F)NC(=O)C2=C(C(=CC=C2)I)C(=O)NC(C)(C)CS(=O)(=O)C
1-naphthylacetic acid,86-87-3,Low,"PPDB|C,> 120|",Negative,C1=CC=C2C(=C1)C=CC=C2CC(=O)O
Benazolin,5/6/2013,Low,"PPDB|U,> 480|",Negative,C1=CC2=C(C(=C1)Cl)N(C(=O)S2)CC(=O)O
Barium polysulphide,50864-67-0,Low,"PPDB|U,100|",Negative,[S-2].[Ba+2]
Hexythiazox,78587-05-0,Low,"PPDB|C,> 200|O,> 112|",Negative,CC1C(SC(=O)N1C(=O)NC2CCCCC2)C3=CC=C(C=C3)Cl
Verbutin,185676-84-0,Low,"PPDB|C,73.8|",Negative,CC#CCOC(C)C1=CC(=C(C=C1)OC)OC
Profoxydim,139001-49-3,Low,"PPDB|C,> 200|O,> 200|",Negative,CCCC(=C1C(=O)CC(CC1=O)C2CCCSC2)NOCC(C)OC3=CC=C(C=C3)Cl
Pyriminobac-methyl,136191-64-5,Low,"PPDB|C,> 200|",Negative,CC(=NOC)C1=C(C(=CC=C1)OC2=NC(=CC(=N2)OC)OC)C(=O)OC
Clofentezine,74115-24-5,Low,"PPDB|C,> 84.5|O,> 252.6|",Negative,C1=CC=C(C(=C1)C2=NN=C(N=N2)C3=CC=CC=C3Cl)Cl
Uniconazole,83657-17-4,Low,"PPDB|C,> 20|",Negative,CC(C)(C)C(C(=CC1=CC=C(C=C1)Cl)N2C=NC=N2)O
Thiram,137-26-8,Low,"PPDB|C,> 100|O,> 106.8|",Negative,CN(C)C(=S)SSC(=S)N(C)C
Haloxyfop-P,95977-29-0,Low,"PPDB|C,> 100|O,> 100|",Negative,CC(C(=O)O)OC1=CC=C(C=C1)OC2=C(C=C(C=N2)C(F)(F)F)Cl
Flucarbazone-sodium,181274-17-9,Low,"PPDB|U,> 200|",Negative,CN1C(=NN(C1=O)C(=NS(=O)(=O)C2=CC=CC=C2OC(F)(F)F)[O-])OC.[Na+]
Pendimethalin,40487-42-1,Low,"PPDB|C,100|O,> 101.2|",Negative,CCC(CC)NC1=C(C=C(C(=C1[N+](=O)[O-])C)C)[N+](=O)[O-]
Ofurace,58810-48-3,Low,"PPDB|O,58|",Negative,CC1=C(C(=CC=C1)C)N(C2CCOC2=O)C(=O)CCl
Dimethenamid,87674-68-8,Low,"PPDB|C,94|",Negative,CC1=CSC(=C1N(C(C)COC)C(=O)CCl)C
Propiconazole,60207-90-1,Low,"PPDB|C,> 100|O,> 100|",Negative,CCCC1COC(O1)(CN2C=NC=N2)C3=C(C=C(C=C3)Cl)Cl
Bromoxynil butanoate,3861-41-4,Low,"PPDB|C,199|O,76.4|",Negative,CCCC(=O)OC1=C(C=C(C=C1Br)C#N)Br
Dicloran,99-30-9,Low,"PPDB|C,> 100|O,> 113|",Negative,C1=C(C=C(C(=C1Cl)N)Cl)[N+](=O)[O-]
Napropamide,15299-99-7,Low,"PPDB|C,> 100|O,> 100|",Negative,CCN(CC)C(=O)C(C)OC1=CC=CC2=CC=CC=C21
Metamitron,41394-05-2,Low,"PPDB|C,> 100|O,> 97.2|",Negative,CC1=NN=C(C(=O)N1N)C2=CC=CC=C2
Propargite,2312-35-8,Low,"PPDB|C,47.9|O,> 100|",Negative,CC(C)(C)C1=CC=C(C=C1)OC2CCCCC2OS(=O)OCC#C
Monolinuron,1746-81-2,Low,"PPDB|O,296|",Negative,CN(C(=O)NC1=CC=C(C=C1)Cl)OC
Isofetamid,875915-78-9,Low,"PPDB|C,> 100|O,> 30|",Negative,CC1=C(SC=C1)C(=O)NC(C)(C)C(=O)C2=C(C=C(C=C2)OC(C)C)C
Amisulbrom,348635-87-0,Low,"PPDB|C,> 100|O,> 100|",Negative,CC1=C(C2=C(N1S(=O)(=O)C3=NN(C=N3)S(=O)(=O)N(C)C)C=C(C=C2)F)Br
Diflufenzopyr,109293-97-2,Low,"PPDB|C,> 75.0|",Negative,CC(=NNC(=O)NC1=CC(=CC(=C1)F)F)C2=C(C=CC=N2)C(=O)O
"2,4-DB",94-82-6,Low,"PPDB|O,> 100|",Negative,CNC.C1=CC(=C(C=C1Cl)Cl)OCCCC(=O)O
Tribufos,78-48-8,Low,"PPDB|C,44.2|",Negative,CCCCSP(=O)(SCCCC)SCCCC
Clethodim,99129-21-2,Low,"PPDB|C,> 51|O,> 43|",Negative,CCC(=C1C(=O)CC(CC1=O)CC(C)SCC)NOCC=CCl
Picloram,2/1/2018,Low,"PPDB|C,> 100|O,> 74|",Negative,C1(=C(C(=NC(=C1Cl)Cl)C(=O)O)Cl)N
Clodinafop-propargyl,105512-06-9,Low,"PPDB|C,40.9|O,> 93.7|",Negative,CC(C(=O)OCC#C)OC1=CC=C(C=C1)OC2=NC=C(C=C2F)Cl
Ametoctradin,865318-97-4,Low,"PPDB|C,> 100|O,> 111.5|",Negative,CCCCCCCCC1=C(N2C(=NC=N2)N=C1CC)N
Iodosulfuron,185119-76-0,Low,"PPDB|C,> 150|O,> 80|",Negative,CC1=NC(=NC(=N1)OC)NC(=O)NS(=O)(=O)C2=C(C=CC(=C2)I)C(=O)O
Dimefuron,34205-21-5,Low,"PPDB|C,500|",Negative,CC(C)(C)C1=NN(C(=O)O1)C2=C(C=C(C=C2)NC(=O)N(C)C)Cl
Acequinocyl,57960-19-7,Low,"PPDB|C,> 100|O,> 100|",Negative,CCCCCCCCCCCCC1=C(C(=O)C2=CC=CC=C2C1=O)OC(=O)C
Dienochlor,2227-17-0,Low,"PPDB|C,> 36.0|",Negative,C1(=C(C(C(=C1Cl)Cl)(C2(C(=C(C(=C2Cl)Cl)Cl)Cl)Cl)Cl)Cl)Cl
Oxadiazon,19666-30-9,Low,"PPDB|C,> 100|O,> 110.5|",Negative,CC(C)OC1=C(C=C(C(=C1)N2C(=O)OC(=N2)C(C)(C)C)Cl)Cl
Monosodium methylarsonate,2163-80-6,Low,"PPDB|C,24.0|",Negative,C[As](=O)(O)[O-].[Na+]
Valifenalate,283159-90-0,Low,"PPDB|C,> 100|O,> 106.6|",Negative,CC(C)C(C(=O)NC(CC(=O)OC)C1=CC=C(C=C1)Cl)NC(=O)OC(C)C
Benthiavalicarb,413615-35-7,Low,"PPDB|C,> 100|O,> 100|",Negative,CC(C)C(C(=O)NC(C)C1=NC2=C(S1)C=C(C=C2)F)NC(=O)O
Hexazinone,51235-04-2,Low,"PPDB|C,> 100|U,60|",Negative,CN1C(=NC(=O)N(C1=O)C2CCCCC2)N(C)C
Diflufenican,83164-33-4,Low,"PPDB|C,> 100|O,> 107.4|",Negative,C1=CC(=CC(=C1)OC2=C(C=CC=N2)C(=O)NC3=C(C=C(C=C3)F)F)C(F)(F)F
Isoxaben,82558-50-7,Low,"PPDB|C,> 100|O,> 100|",Negative,CCC(C)(CC)C1=NOC(=C1)NC(=O)C2=C(C=CC=C2OC)OC
Cyromazine,66215-27-8,Low,"PPDB|C,> 200|O,186|",Negative,C1CC1NC2=NC(=NC(=N2)N)N
Trifloxystrobin,141517-21-7,Low,"PPDB|C,> 100|O,> 110|",Negative,CC(=NOCC1=CC=CC=C1C(=NOC)C(=O)OC)C2=CC(=CC=C2)C(F)(F)F
Metosulam,139528-85-1,Low,"PPDB|C,> 100|",Negative,CC1=C(C(=C(C=C1)Cl)NS(=O)(=O)C2=NN3C(=CC(=NC3=N2)OC)OC)Cl
Halosulfuron-methyl,100784-20-1,Low,"PPDB|C,> 100|O,> 100|",Negative,CN1C(=C(C(=N1)Cl)C(=O)OC)S(=O)(=O)NC(=O)NC2=NC(=CC(=N2)OC)OC
Siduron,1982-49-6,Low,"PPDB|C,120|",Negative,CC1CCCCC1NC(=O)NC2=CC=CC=C2
MCPA-thioethyl,25319-90-8,Low,"PPDB|O,> 100|",Negative,CCSC(=O)COC1=C(C=C(C=C1)Cl)C
Penflufen,494793-67-8,Low,"PPDB|C,> 100|O,> 108.2|",Negative,CC1=NN(C(=C1C(=O)NC2=CC=CC=C2C(C)CC(C)C)F)C
Flupyrsulfuron-methyl-sodium,144740-54-5,Low,"PPDB|C,> 25|O,> 30|",Negative,COC1=CC(=NC(=N1)[N-]C(=O)NS(=O)(=O)C2=C(C=CC(=N2)C(F)(F)F)C(=O)OC)OC.[Na+]
Butafenacil,134605-64-4,Low,"PPDB|C,20|",Negative,CC(C)(C(=O)OCC=C)OC(=O)C1=C(C=CC(=C1)N2C(=O)C=C(N(C2=O)C)C(F)(F)F)Cl
Propoxycarbazone-sodium,181274-15-7,Low,"PPDB|C,> 200|O,> 319|",Negative,CCCOC1=NN(C(=O)N1C)C(=NS(=O)(=O)C2=CC=CC=C2C(=O)OC)[O-].[Na+]
Triazoxide,72459-58-6,Low,"PPDB|C,> 200|O,> 225|",Negative,C1=CC2=C(C=C1Cl)[N+](=NC(=N2)N3C=CN=C3)[O-]
Glyphosate trimesium,81591-81-3,Low,"PPDB|C,> 400|O,> 400|",Negative,C[S+](C)C.C(C(=O)O)NCP(=O)(O)[O-]
Imazosulfuron,122548-33-8,Low,"PPDB|C,> 100|O,> 41.6|",Negative,COC1=CC(=NC(=N1)NC(=O)NS(=O)(=O)C2=C(N=C3N2C=CC=C3)Cl)OC
Metalaxyl-M,70630-17-0,Low,"PPDB|C,> 100|O,> 97.3|",Negative,CC1=C(C(=CC=C1)C)N(C(C)C(=O)OC)C(=O)COC
Fenaminosulf,140-56-7,Low,"PPDB|U,102|",Negative,CN(C)C1=CC=C(C=C1)N=NS(=O)(=O)[O-].[Na+]
Fluazifop-P-butyl,79241-46-6,Low,"PPDB|C,> 200|O,> 200|",Negative,CCCCOC(=O)C(C)OC1=CC=C(C=C1)OC2=NC=C(C=C2)C(F)(F)F
Furilazole,121776-33-8,Low,"PPDB|C,> 100|",Negative,CC1(N(CC(O1)C2=CC=CO2)C(=O)C(Cl)Cl)C
Trietazine,1912-26-1,Low,"PPDB|U,50|",Negative,CCNC1=NC(=NC(=N1)Cl)N(CC)CC
Metamifop,256412-89-2,Low,"PPDB|O,100|",Negative,CC(C(=O)N(C)C1=CC=CC=C1F)OC2=CC=C(C=C2)OC3=NC4=C(O3)C=C(C=C4)Cl
Clodinafop,114420-56-3,Low,"PPDB|C,40.9|O,> 93.7|",Negative,CC(C(=O)O)OC1=CC=C(C=C1)OC2=NC=C(C=C2F)Cl
Fosetyl-aluminium,39148-24-8,Low,"PPDB|C,> 100|O,462|",Negative,CCOP(=O)=O.CCOP(=O)=O.CCOP(=O)=O.[Al+3]
Diethatyl ethyl,38727-55-8,Low,"PPDB|U,43.5|",Negative,CCC1=C(C(=CC=C1)CC)N(CC(=O)OCC)C(=O)CCl
Forchlorfenuron,68157-60-8,Low,"PPDB|C,> 80.6|O,> 80.6|",Negative,C1=CC=C(C=C1)NC(=O)NC2=CC(=NC=C2)Cl
Buprofezin,69327-76-0,Low,"PPDB|C,> 200|O,> 163.5|",Negative,CC(C)N1C(=NC(C)(C)C)SCN(C1=O)C2=CC=CC=C2
MCPA,94-74-6,Low,"PPDB|C,> 200|O,> 200|",Negative,CC1=C(C=CC(=C1)Cl)OCC(=O)O
Pyrithiobac-sodium,123343-16-8,Low,"PPDB|C,> 25|",Negative,COC1=CC(=NC(=N1)SC2=C(C(=CC=C2)Cl)C(=O)[O-])OC.[Na+]
Zineb,12122-67-7,Low,"PPDB|C,13.1|",Negative,C(CNC(=S)[S-])NC(=S)[S-].[Zn+2]
Piproctanyl,69309-47-3,Low,"PPDB|C,> 100|",Negative,CC(C)CCCC(C)CC[N+]1(CCCCC1)CC=C
Metrafenone,220899-03-6,Low,"PPDB|C,> 100|O,> 114|",Negative,CC1=CC(=C(C(=C1C(=O)C2=C(C=CC(=C2C)Br)OC)OC)OC)OC
Oxycarboxin,5259-88-1,Low,"PPDB|C,181|",Negative,CC1=C(S(=O)(=O)CCO1)C(=O)NC2=CC=CC=C2
Chlorsulfuron,64902-72-3,Low,"PPDB|C,> 100|O,> 130|",Negative,CC1=NC(=NC(=N1)OC)NC(=O)NS(=O)(=O)C2=CC=CC=C2Cl
Flumiclorac-pentyl,87546-18-7,Low,"PPDB|C,> 196|",Negative,CCCCCOC(=O)COC1=C(C=C(C(=C1)N2C(=O)C3=C(C2=O)CCCC3)F)Cl
Diquat,2764-72-9,Low,"PPDB|C,60|O,13|",Negative,C1C[N+]2=CC=CC=C2C3=CC=CC=[N+]31
Benthiavalicarb isopropyl,177406-68-7,Low,"PPDB|C,> 100|O,> 100|",Negative,CC(C)C(C(=O)NC(C)C1=NC2=C(S1)C=C(C=C2)F)NC(=O)OC(C)C
Triasulfuron,82097-50-5,Low,"PPDB|O,100|",Negative,CC1=NC(=NC(=N1)OC)NC(=O)NS(=O)(=O)C2=CC=CC=C2OCCCl
Tolylfluanid,731-27-1,Low,"PPDB|C,> 196|O,> 197|",Negative,CC1=CC=C(C=C1)N(SC(F)(Cl)Cl)S(=O)(=O)N(C)C
Triticonazole,131983-72-7,Low,"PPDB|C,> 100|O,> 155.5|",Negative,CC1(CCC(=CC2=CC=C(C=C2)Cl)C1(CN3C=NC=N3)O)C
Calcium acid methanearsonate,5902-95-4,Low,"PPDB|C,> 25|",Negative,C[As](=O)([O-])[O-].C[As](=O)([O-])[O-].[Ca+2]
Sulfosulfuron,141776-32-1,Low,"PPDB|C,> 25|O,> 30|",Negative,CCS(=O)(=O)C1=C(N2C=CC=CC2=N1)S(=O)(=O)NC(=O)NC3=NC(=CC(=N3)OC)OC
Hexylthiofos,41495-67-4,Low,"PPDB|C,> 100|",Negative,CCOP(=O)(OC1CCCCC1)SCC
Cinosulfuron,94593-91-6,Low,"PPDB|O,100|",Negative,COCCOC1=CC=CC=C1S(=O)(=O)NC(=O)NC2=NC(=NC(=N2)OC)OC
Thifluzamide,130000-40-7,Low,"PPDB|C,> 100|",Negative,CC1=NC(=C(S1)C(=O)NC2=C(C=C(C=C2Br)OC(F)(F)F)Br)C(F)(F)F
Cyflumetofen,400882-07-7,Low,"PPDB|C,> 100|O,> 116|",Negative,CC(C)(C)C1=CC=C(C=C1)C(C#N)(C(=O)C2=CC=CC=C2C(F)(F)F)C(=O)OCCOC
Mepiquat,15302-91-7,Low,"PPDB|C,> 100|O,> 107.4|",Negative,C[N+]1(CCCCC1)C
Bistrifluron,201593-84-2,Low,"PPDB|C,> 100|",Negative,C1=CC(=C(C(=C1)F)C(=O)NC(=O)NC2=CC(=CC(=C2Cl)C(F)(F)F)C(F)(F)F)F
Mefluidide,53780-34-0,Low,"PPDB|U,> 25|",Negative,CC1=CC(=C(C=C1NC(=O)C)NS(=O)(=O)C(F)(F)F)C
"2,4-D",94-75-7,Low,"PPDB|C,> 100|O,94|",Negative,C1=CC(=C(C=C1Cl)Cl)OCC(=O)O
Sodium o-nitrophenolate,824-39-5,Low,"PPDB|C,> 100|O,123.5|",Negative,C1=CC=C(C(=C1)[N+](=O)[O-])[O-].[Na+]
Propamocarb hydrochloride,25606-41-1,Low,"PPDB|C,> 100|O,> 84|",Negative,CCCOC(=O)NCCCN(C)C.Cl
Metam-sodium,137-42-8,Low,"PPDB|C,> 36.2|U,> 36.2|",Negative,CNC(=S)[S-].[Na+]
Cycloxydim,101205-02-1,Low,"PPDB|C,> 100|O,> 101.7|",Negative,CCCC(=C1C(=O)CC(CC1=O)C2CCCSC2)NOCC
Haloxyfop,69806-34-4,Low,"PPDB|O,> 100|",Negative,CC(C(=O)O)OC1=CC=C(C=C1)OC2=C(C=C(C=N2)C(F)(F)F)Cl
Cyclanilide,113136-77-9,Low,"PPDB|C,> 100|O,89.5|",Negative,C1CC1(C(=O)NC2=C(C=C(C=C2)Cl)Cl)C(=O)O
Oxasulfuron,144651-06-9,Low,"PPDB|C,741|O,> 741|",Negative,CC1=CC(=NC(=N1)NC(=O)NS(=O)(=O)C2=CC=CC=C2C(=O)OC3COC3)C
Orbencarb,34622-58-7,Low,"PPDB|O,103|",Negative,CCN(CC)C(=O)SCC1=CC=CC=C1Cl
Fluazifop-butyl,69806-50-4,Low,"PPDB|C,63|",Negative,CCCCOC(=O)C(C)OC1=CC=C(C=C1)OC2=NC=C(C=C2)C(F)(F)F
Diofenolan,63837-33-2,Low,"PPDB|C,> 96.0|O,> 96|",Negative,CCC1OCC(O1)COC2=CC=C(C=C2)OC3=CC=CC=C3
Flurprimidol,56425-91-3,Low,"PPDB|C,> 100|O,> 100|",Negative,CC(C)C(C1=CC=C(C=C1)OC(F)(F)F)(C2=CN=CN=C2)O
Copper II acetate,142-71-2,Low,"PPDB|U,> 50|",Negative,CC(=O)[O-].CC(=O)[O-].[Cu+2]
Ferric phosphate,10045-86-0,Low,"PPDB|C,> 100|O,> 109.9|",Negative,[O-]P(=O)([O-])[O-].[Fe+3]
Bentazone,25057-89-0,Low,"PPDB|C,> 200|O,> 200|",Negative,CC(C)N1C(=O)C2=CC=CC=C2NS1(=O)=O
Haloxyfop-P-methyl,72619-32-0,Low,"PPDB|C,> 100|O,> 100|",Negative,CC(C(=O)OC)OC1=CC=C(C=C1)OC2=C(C=C(C=N2)C(F)(F)F)Cl
Propamocarb,24579-73-5,Low,"PPDB|C,> 100|O,> 84|",Negative,CCCOC(=O)NCCCN(C)C
Penconazole,66246-88-6,Low,"PPDB|C,> 30|O,> 112|",Negative,CCCC(CN1C=NC=N1)C2=C(C=C(C=C2)Cl)Cl
Kasugamycin,6980-18-3,Low,"PPDB|C,> 40|",Negative,CC1C(CC(C(O1)OC2C(C(C(C(C2O)O)O)O)O)N)N=C(C(=O)O)N
S-metolachlor,87392-12-9,Low,"PPDB|C,> 200|O,> 85|",Negative,C1=CC(=CC=C1CSC(=NC2=C(C=C(C=C2)Cl)Cl)CN3C=NC=N3)Cl
Tebuconazole,107534-96-3,Low,"PPDB|C,> 200|O,> 83.05|",Negative,CC(C)(C)C(CCC1=CC=C(C=C1)Cl)(CN2C=NC=N2)O
Fluoxastrobin,361377-29-9,Low,"PPDB|C,> 200|O,> 843|",Negative,CON=C(C1=CC=CC=C1OC2=C(C(=NC=N2)OC3=CC=CC=C3Cl)F)C4=NOCCO4
8-hydroxyquinoline,148-24-3,Low,"PPDB|C,> 100|O,> 68.6|",Negative,C1=CC2=C(C(=C1)O)N=CC=C2
Diniconazole,83657-24-3,Low,"PPDB|C,20|",Negative,CC(C)(C)C(C(=CC1=C(C=C(C=C1)Cl)Cl)N2C=NC=N2)O
Pentoxazone,110956-75-7,Low,"PPDB|C,> 98.7|",Negative,CC(=C1C(=O)N(C(=O)O1)C2=CC(=C(C=C2F)Cl)OC3CCCC3)C
Flumorph,211867-47-9,Low,"PPDB|C,170|",Negative,COC1=C(C=C(C=C1)C(=CC(=O)N2CCOCC2)C3=CC=C(C=C3)F)OC
Indanofan,133220-30-1,Low,"PPDB|C,100|",Negative,CCC1(C(=O)C2=CC=CC=C2C1=O)CC3(CO3)C4=CC(=CC=C4)Cl
Diclosulam,145701-21-9,Low,"PPDB|C,25|",Negative,CCOC1=NC(=CC2=NC(=NN21)S(=O)(=O)NC3=C(C=CC=C3Cl)Cl)F
Chlorimuron-ethyl,90982-32-4,Low,"PPDB|C,12.5|",Negative,CCOC(=O)C1=CC=CC=C1S(=O)(=O)NC(=O)NC2=NC(=CC(=N2)Cl)OC
Furfural,98-01-1,Low,"PPDB|O,> 100|",Negative,C1=COC(=C1)C=O
Amitraz,33089-61-1,Low,"PPDB|C,50|",Negative,CC1=CC(=C(C=C1)N=CN(C)C=NC2=C(C=C(C=C2)C)C)C
Naptalam,132-66-1,Low,"PPDB|C,> 113.2|",Negative,C1=CC=C2C(=C1)C=CC=C2NC(=O)C3=CC=CC=C3C(=O)O
Azafenidin,68049-83-2,Low,"PPDB|O,> 20|",Negative,C#CCOC1=C(C=C(C(=C1)N2C(=O)N3CCCCC3=N2)Cl)Cl
Flufenacet,142459-58-3,Low,"PPDB|C,> 109.2|O,> 100|",Negative,CC(C)N(C1=CC=C(C=C1)F)C(=O)COC2=NN=C(S2)C(F)(F)F
Chlorpropham,101-21-3,Low,"PPDB|C,96.1|O,505|",Negative,CC(C)OC(=O)NC1=CC(=CC=C1)Cl
Lime sulphur,1344-81-6,Low,"PPDB|C,> 593|O,> 69.8|",Negative,[S-]SSS[S-].[Ca+2]
Dimethametryn,22936-75-0,Low,"PPDB|O,100|",Negative,CCNC1=NC(=NC(=N1)SC)NC(C)C(C)C
Tecnazene,117-18-0,Low,"PPDB|U,50|",Negative,C1=C(C(=C(C(=C1Cl)Cl)[N+](=O)[O-])Cl)Cl
Triclopyr triethylammonium,57213-69-1,Low,"PPDB|C,> 100|",Negative,CCN(CC)CC.C1=C(C(=NC(=C1Cl)Cl)OCC(=O)O)Cl
Propanil,709-98-8,Low,"PPDB|C,> 100|O,> 94.3|",Negative,CCC(=O)NC1=CC(=C(C=C1)Cl)Cl
Flumioxazin,103361-09-7,Low,"PPDB|C,> 200|O,> 229.1|",Negative,C#CCN1C(=O)COC2=CC(=C(C=C21)N3C(=O)C4=C(C3=O)CCCC4)F
Prohexadione-calcium,127277-53-6,Low,"PPDB|C,> 100|O,> 100|",Negative,CCC(=C1C(=O)CC(CC1=O)C(=O)[O-])[O-].[Ca+2]
Pyrifenox,88283-41-4,Low,"PPDB|O,59|",Negative,CON=C(CC1=CN=CC=C1)C2=C(C=C(C=C2)Cl)Cl
Noviflumuron,121451-02-3,Low,"PPDB|C,> 100|",Negative,C1=CC(=C(C(=C1)F)C(=O)NC(=O)NC2=CC(=C(C(=C2F)Cl)OC(C(C(F)(F)F)F)(F)F)Cl)F
Tebutam,35256-85-0,Low,"PPDB|O,100|",Negative,CC(C)N(CC1=CC=CC=C1)C(=O)C(C)(C)C
Isoxaflutole,141112-29-0,Low,"PPDB|C,> 100|O,> 168.7|",Negative,CS(=O)(=O)C1=C(C=CC(=C1)C(F)(F)F)C(=O)C2=C(ON=C2)C3CC3
Methoxychlor,72-43-5,Low,"PPDB|C,> 23.6|",Negative,COC1=CC=C(C=C1)C(C2=CC=C(C=C2)OC)C(Cl)(Cl)Cl
Kieselgur,61790-53-2,Low,"PPDB|U,> 100|",Negative,O=[Si]=O
Primisulfuron,113036-87-6,Low,"PPDB|C,100|",Negative,C1=CC=C(C(=C1)C(=O)O)S(=O)(=O)NC(=O)NC2=NC(=CC(=N2)OC(F)F)OC(F)F
Myclobutanil,88671-89-0,Low,"PPDB|C,33.9|O,> 33.9|",Negative,CCCCC(CN1C=NC=N1)(C#N)C2=CC=C(C=C2)Cl
Acetic acid,64-19-7,Low,"PPDB|C,> 96|O,> 110|",Negative,CC(=O)O
Diphenamid,957-51-7,Low,"PPDB|C,2432|",Negative,CN(C)C(=O)C(C1=CC=CC=C1)C2=CC=CC=C2
Propineb,12071-83-9,Low,"PPDB|C,> 100|O,> 107.9|",Negative,CC(CNC(=S)[S-])NC(=S)[S-].[Zn+2]
Asulam sodium,2302-17-2,Low,"PPDB|C,> 100|O,> 123.7|",Negative,COC(=O)[N-]S(=O)(=O)C1=CC=C(C=C1)N.[Na+]
Clofencet,129025-54-3,Low,"PPDB|O,> 100|",Negative,CCC1=C(C(=O)C=NN1C2=CC=C(C=C2)Cl)C(=O)O
Bensultap,17606-31-4,Low,"PPDB|C,25.9|",Negative,CN(C)C(CSS(=O)(=O)C1=CC=CC=C1)CSS(=O)(=O)C2=CC=CC=C2
Mepiquat chloride,24307-26-4,Low,"PPDB|C,> 100|O,> 107.4|",Negative,C[N+]1(CCCCC1)C.[Cl-]
2-aminobutane,13952-84-6,Low,"PPDB|C,> 100|",Negative,CCC(C)N
Amicarbazone,129909-90-6,Low,"PPDB|O,> 24.4|U,Low|",Negative,CC(C)C1=NN(C(=O)N1N)C(=O)NC(C)(C)C
Thiocyclam hydrogen oxalate,31895-22-4,Low,"PPDB|O,11.9|",Negative,CN(C)C1CSSSC1.C(=O)(C(=O)O)O
Sucrose octanoate,42922-74-7,Low,"PPDB|C,> 80|",Negative,CCCCCCCC(=O)OC1(C(C(C(C(O1)CO)O)O)O)C2(C(C(C(O2)CO)O)O)CO
Chlorotoluron,15545-48-9,Low,"PPDB|C,> 200|O,177.4|",Negative,CC1=C(C=C(C=C1)NC(=O)N(C)C)Cl
Nitrothal isopropyl,10552-74-6,Low,"PPDB|O,100|",Negative,CC(C)OC(=O)C1=CC(=CC(=C1)[N+](=O)[O-])C(=O)OC(C)C
Flutianil,958647-10-4,Low,"PPDB|C,> 100|O,> 200|",Negative,COC1=CC=CC=C1N2CCSC2=C(C#N)SC3=C(C=CC(=C3)C(F)(F)F)F
Fuberidazole,3878-19-1,Low,"PPDB|C,> 200|O,> 187.2|",Negative,C1=CC=C2C(=C1)NC(=N2)C3=CC=CO3
Trifluralin,1582-09-8,Low,"PPDB|C,> 100|O,> 100|",Negative,CCCN(CCC)C1=C(C=C(C=C1[N+](=O)[O-])C(F)(F)F)[N+](=O)[O-]
Diethofencarb,87130-20-9,Low,"PPDB|C,> 100|O,> 100|",Negative,CCOC1=C(C=C(C=C1)NC(=O)OC(C)C)OCC
Pethoxamid,106700-29-2,Low,"PPDB|C,> 200|O,> 200|",Negative,CCOCCN(C(=O)CCl)C(=C(C)C)C1=CC=CC=C1
Metsulfuron-methyl,74223-64-6,Low,"PPDB|C,> 50|O,> 44.3|",Negative,CC1=NC(=NC(=N1)OC)NC(=O)NS(=O)(=O)C2=CC=CC=C2C(=O)OC
Iron sulphate,7720-78-7,Low,"PPDB|U,> 100|",Negative,[O-]S(=O)(=O)[O-].[Fe+2]
Pyrimethanil,53112-28-0,Low,"PPDB|C,> 100|O,> 100|",Negative,CC1=CC(=NC(=N1)NC2=CC=CC=C2)C
Sulcotrione,99105-77-8,Low,"PPDB|C,200|O,50|",Negative,CS(=O)(=O)C1=CC(=C(C=C1)C(=O)C2C(=O)CCCC2=O)Cl
Copper II chloride,7447-39-4,Low,"PPDB|U,> 50|",Negative,Cl[Cu]Cl
Alpha-endosulfan,959-98-8,Moderate,"PPDB|C,7.81|",Positive,C1C2C(COS(=O)O1)C3(C(=C(C2(C3(Cl)Cl)Cl)Cl)Cl)Cl
Vernolate,1929-77-7,Moderate,"PPDB|U,11.0|",Positive,CCCN(CCC)C(=O)SCCC
Mesosulfuron,400852-66-6,Moderate,"PPDB|C,> 13|O,> 5.6|",Positive,COC1=CC(=NC(=N1)NC(=O)NS(=O)(=O)C2=C(C=CC(=C2)CNS(=O)(=O)C)C(=O)O)OC
Allethrin,584-79-2,Moderate,"PPDB|C,> 3.4|",Positive,CC1=C(C(=O)CC1OC(=O)C2C(C2(C)C)C=C(C)C)CC=C
Chlordane,57-74-9,Moderate,"PPDB|C,6.0|",Positive,C1C2C(C(C1Cl)Cl)C3(C(=C(C2(C3(Cl)Cl)Cl)Cl)Cl)Cl
Ioxynil,1689-83-4,Moderate,"PPDB|O,10.1|",Positive,C1=C(C=C(C(=C1I)O)I)C#N
Dichlobenil,1194-65-6,Moderate,"PPDB|C,11|",Positive,C1=CC(=C(C(=C1)Cl)C#N)Cl
Tetradifon,116-29-0,Moderate,"PPDB|C,> 11|",Positive,C1=CC(=CC=C1S(=O)(=O)C2=CC(=C(C=C2Cl)Cl)Cl)Cl
Spiroxamine,118134-30-8,Moderate,"PPDB|C,4.2|O,> 100|",Positive,CCCN(CC)CC1COC2(O1)CCC(CC2)C(C)(C)C
Ethoprophos,13194-48-4,Moderate,"PPDB|C,5.56|",Positive,CCCSP(=O)(OCC)SCCC
Sulfluramid,4151-50-2,Moderate,"PPDB|U,> 5.0|",Positive,CCNS(=O)(=O)C(C(C(C(C(C(C(C(F)(F)F)(F)F)(F)F)(F)F)(F)F)(F)F)(F)F)(F)F
Thiabendazole,148-79-8,Moderate,"PPDB|C,> 34|O,> 4.0|",Positive,C1=CC=C2C(=C1)NC(=N2)C3=CSC=N3
EPTC,759-94-4,Moderate,"PPDB|O,11.0|",Positive,CCCN(CCC)C(=O)SCC
Thifensulfuron-methyl,79277-27-3,Moderate,"PPDB|C,> 100|O,> 7.1|",Positive,CC1=NC(=NC(=N1)OC)NC(=O)NS(=O)(=O)C2=C(SC=C2)C(=O)OC
Phosalone,2310-17-0,Moderate,"PPDB|C,4.4|O,102|",Positive,CCOP(=S)(OCC)SCN1C2=C(C=C(C=C2)Cl)OC1=O
Furalaxyl-M,57764-08-6,Moderate,"PPDB|C,> 5|O,> 5|",Positive,CC1=C(C(=CC=C1)C)N(C(C)C(=O)OC)C(=O)C2=CC=C(C=C2)C(=O)C3=CC=CC=C3
Triforine,26644-46-2,Moderate,"PPDB|O,10|",Positive,C1CN(CCN1C(C(Cl)(Cl)Cl)NC=O)C(C(Cl)(Cl)Cl)NC=O
Nicosulfuron,111991-09-4,Moderate,"PPDB|C,76|O,5.24|",Positive,CN(C)C(=O)C1=C(N=CC=C1)S(=O)(=O)NC(=O)NC2=NC(=CC(=N2)OC)OC
Cartap,15263-53-3,Moderate,"PPDB|U,10|",Positive,CN(C)C(CSC(=O)N)CSC(=O)N
Furalaxyl,57646-30-7,Moderate,"PPDB|O,> 5|",Positive,CC1=C(C(=CC=C1)C)N(C(C)C(=O)OC)C(=O)C2=CC=CO2
Benomyl,17804-35-2,Moderate,"PPDB|C,10|",Positive,CCCCNC(=O)N1C2=CC=CC=C2N=C1NC(=O)OC
Acetamiprid,135410-20-7,Moderate,"PPDB|C,8.09|O,14.53|",Positive,CC(=NC#N)N(C)CC1=CN=C(C=C1)Cl
Fenpropidin,67306-00-7,Moderate,"PPDB|O,> 10|",Positive,CC(CC1=CC=C(C=C1)C(C)(C)C)CN2CCCCC2
Paraquat,4685-14-7,Moderate,"PPDB|C,9.26|O,> 9.06|",Positive,C[N+]1=CC=C(C=C1)C2=CC=[N+](C=C2)C
Mirex,2385-85-5,Moderate,"PPDB|U,7.15|",Positive,C12(C3(C4(C5(C3(C(C1(C5(C2(C4(Cl)Cl)Cl)Cl)Cl)(Cl)Cl)Cl)Cl)Cl)Cl)Cl
Tribenuron-methyl,101200-48-0,Moderate,"PPDB|O,> 9.1|U,> 98.4|",Positive,CC1=NC(=NC(=N1)OC)N(C)C(=O)NS(=O)(=O)C2=CC=CC=C2C(=O)OC
Bromoxynil,1689-84-5,Moderate,"PPDB|C,150|O,10.9|",Positive,C1=C(C=C(C(=C1Br)O)Br)C#N
Ioxynil lithium,2961-61-7,Moderate,"PPDB|C,10.0|",Positive,[Li+].C1=C(C=C(C(=C1I)[O-])I)C#N
Cyanamide,420-04-2,Moderate,"PPDB|U,> 10|",Positive,C(#N)N
Aminopyralid,150114-71-9,Moderate,"PPDB|C,> 6.26|O,> 3.13|",Positive,C1=C(C(=C(N=C1Cl)C(=O)O)Cl)N
Sulfuryl fluoride,2699-79-8,Moderate,"PPDB|C,6.5|",Positive,O=S(=O)(F)F
Cycloate,1134-23-2,Moderate,"PPDB|U,11|",Positive,CCN(C1CCCCC1)C(=O)SCC
Fenpiclonil,74738-17-3,Moderate,"PPDB|O,5|",Positive,C1=CC(=C(C(=C1)Cl)Cl)C2=CNC=C2C#N
Terbufos,13071-79-9,Moderate,"PPDB|C,4.1|",Positive,CCOP(=S)(OCC)SCSC(C)(C)C
Molinate,2212-67-1,Moderate,"PPDB|O,> 11.0|",Positive,CCSC(=O)N1CCCCCC1
Fenarimol,60168-88-9,Moderate,"PPDB|C,> 100|O,> 10|",Positive,C1=CC=C(C(=C1)C(C2=CC=C(C=C2)Cl)(C3=CN=CN=C3)O)Cl
Chlorantraniliprole,500008-45-7,Moderate,"PPDB|C,> 4|O,> 104.1|",Positive,CC1=C(C(=CC(=C1)Cl)C(=O)NC)NC(=O)C2=CC(=NN2C3=C(C=CC=N3)Cl)Br
Diflumetorim,130339-07-0,Moderate,"PPDB|O,10|",Positive,CCC(C1=CC=C(C=C1)OC(F)F)NC2=NC=NC(=C2Cl)C
Tribenuron,106040-48-6,Moderate,"PPDB|C,> 9.1|O,> 98.4|",Positive,CC1=NC(=NC(=N1)OC)N(C)C(=O)NS(=O)(=O)C2=CC=CC=C2C(=O)O
Sethoxydim,74051-80-2,Moderate,"PPDB|C,> 10|",Positive,CCCC(=C1C(=O)CC(CC1=O)CC(C)SCC)NOCC
Demeton,8065-48-3,Moderate,"PPDB|U,> 2.6|",Positive,CCOP(=S)(OCC)OCCSCC
Imazaquin,81335-37-7,Moderate,"PPDB|C,> 100|O,> 6.5|",Positive,CC(C)C1(C(=O)NC(=N1)C2=NC3=CC=CC=C3C=C2C(=O)O)C
Quizalofop-ethyl,76578-14-8,Moderate,"PPDB|O,10|",Positive,CCOC(=O)C(C)OC1=CC=C(C=C1)OC2=CN=C3C=C(C=CC3=N2)Cl
Fenbuconazole,114369-43-6,Moderate,"PPDB|C,> 5.5|O,> 5.2|",Positive,C1=CC=C(C=C1)C(CCC2=CC=C(C=C2)Cl)(CN3C=NC=N3)C#N
Chlorophacinone,3691-35-8,Moderate,"PPDB|U,> 11|",Positive,C1=CC=C(C=C1)C(C2=CC=C(C=C2)Cl)C(=O)C3C(=O)C4=CC=CC=C4C3=O
Pirimicarb,23103-98-2,Moderate,"PPDB|C,53.1|O,4.0|",Positive,CC1=C(N=C(N=C1OC(=O)N(C)C)N(C)C)C
Anilofos,64249-01-0,Moderate,"PPDB|C,5.9|",Positive,CC(C)N(C1=CC=C(C=C1)Cl)C(=O)CSP(=S)(OC)OC
"1,3-dichloropropene",542-75-6,Moderate,"PPDB|C,6.6|",Positive,C=CC(Cl)Cl
Ioxynil octanoate,3861-47-0,Moderate,"PPDB|O,> 3.27|",Positive,CCCCCCCC(=O)OC1=C(C=C(C=C1I)C#N)I
Bifenazate,149877-41-8,Moderate,"PPDB|C,> 8.50|O,> 98.0|",Positive,CC(C)OC(=O)NNC1=C(C=CC(=C1)C2=CC=CC=C2)OC
Endosulfan,115-29-7,Moderate,"PPDB|C,> 7.81|O,> 15.6|",Positive,C1C2C(COS(=O)O1)C3(C(=C(C2(C3(Cl)Cl)Cl)Cl)Cl)Cl
Mesotrione,104206-82-8,Moderate,"PPDB|C,> 100|O,> 11|",Positive,CS(=O)(=O)C1=CC(=C(C=C1)C(=O)C2C(=O)CCCC2=O)[N+](=O)[O-]
1-methylcyclopropene,4/7/2000,Moderate,"PPDB|U,> 10.0|",Positive,CC1=CC1
Sedaxane,874967-67-6,Moderate,"PPDB|C,> 100|O,> 4.0|",Positive,CN1C=C(C(=N1)C(F)F)C(=O)NC2=CC=CC=C2C3CC3C4CC4
Mesosulfuron-methyl,208465-21-8,Moderate,"PPDB|C,> 13|O,5.6|",Positive,COC1=CC(=NC(=N1)NC(=O)NS(=O)(=O)C2=C(C=CC(=C2)CNS(=O)(=O)C)C(=O)OC)OC
Tebufenpyrad,119168-77-3,Moderate,"PPDB|C,6.7|O,60.3|",Positive,CCC1=NN(C(=C1Cl)C(=O)NCC2=CC=C(C=C2)C(C)(C)C)C
Demeton-O-methyl,867-27-6,Moderate,"PPDB|U,> 2.5|",Positive,CCSCCOP(=S)(OC)OC
Ethametsulfuron-methyl,97780-06-8,Moderate,"PPDB|C,4.62|",Positive,CCOC1=NC(=NC(=N1)NC)NC(=O)NS(=O)(=O)C2=CC=CC=C2C(=O)OC
Ioxynil sodium,2961-62-8,Moderate,"PPDB|C,> 10.0|",Positive,C1=C(C=C(C(=C1I)[O-])I)C#N.[Na+]
Pebulate,1114-71-2,Moderate,"PPDB|U,11|",Positive,CCCCN(CC)C(=O)SCCC
Diflubenzuron,35367-38-5,Moderate,"PPDB|C,> 74.2|O,> 9.1|",Positive,C1=CC(=C(C(=C1)F)C(=O)NC(=O)NC2=CC=C(C=C2)Cl)F
Sulprofos,35400-43-2,Moderate,"PPDB|U,> 7.22|",Positive,CCCSP(=S)(OCC)OC1=CC=C(C=C1)SC
Thifensulfuron,79277-67-1,Moderate,"PPDB|C,> 100|O,> 7.1|",Positive,CC1=NC(=NC(=N1)OC)NC(=O)NS(=O)(=O)C2=C(SC=C2)C(=O)O
Etrimfos,38260-54-7,High,"PPDB|C,0.1|U,Toxic|",Positive,CCC1=NC(=CC(=N1)OP(=S)(OC)OC)OCC
Climbazole,38083-17-9,High,"PPDB|C,1.0|",Positive,CC(C)(C)C(=O)C(N1C=CN=C1)OC2=CC=C(C=C2)Cl
Aminocarb,2032-59-9,High,"PPDB|C,0.121|",Positive,CC1=C(C=CC(=C1)OC(=O)NC)N(C)C
Methiocarb,2032-65-7,High,"PPDB|C,0.23|O,0.08|",Positive,CC1=CC(=CC(=C1SC)C)OC(=O)NC
Diazinon,333-41-5,High,"PPDB|C,0.13|O,0.09|",Positive,CCOP(=S)(OCC)OC1=NC(=NC(=C1)C)C(C)C
Copper acetoarsenite,12002-03-8,High,"PPDB|U,< 2.0|",Positive,CC(=O)[O-].CC(=O)[O-].[O-][As]1O[As](O[As](O1)[O-])[O-].[O-][As]1O[As](O[As](O1)[O-])[O-].[Cu+2].[Cu+2].[Cu+2].[Cu+2]
Butocarboxim,34681-10-2,High,"PPDB|U,1.0|",Positive,CC(C(=NOC(=O)NC)C)SC
Aldrin,309-00-2,High,"PPDB|O,0.35|",Positive,C1C2C=CC1C3C2C4(C(=C(C3(C4(Cl)Cl)Cl)Cl)Cl)Cl
Isofenphos-methyl,99675-03-3,High,"PPDB|C,> 0.61|",Positive,CC(C)NP(=S)(OC)OC1=CC=CC=C1C(=O)OC(C)C
Tributyltin oxide,56-35-9,High,"PPDB|C,1.0|",Positive,CCCC[Sn](CCCC)(CCCC)O[Sn](CCCC)(CCCC)CCCC
Demeton-S-methyl,919-86-8,High,"PPDB|C,26.7|O,> 0.19|",Positive,CCSCCSP(=O)(OC)OC
Methidathion,950-37-8,High,"PPDB|C,> 0.13|",Positive,COC1=NN(C(=O)S1)CSP(=S)(OC)OC
Alanycarb,83130-01-2,High,"PPDB|C,0.8|",Positive,CCOC(=O)CCN(CC1=CC=CC=C1)SN(C)C(=O)ON=C(C)SC
Phenothrin,26002-80-2,High,"PPDB|U,2.0|",Positive,CC(=CC1C(C1(C)C)C(=O)OCC2=CC(=CC=C2)OC3=CC=CC=C3)C
Cyphenothrin,39515-40-7,High,"PPDB|U,2.0|",Positive,CC(=CC1C(C1(C)C)C(=O)OC(C#N)C2=CC(=CC=C2)OC3=CC=CC=C3)C
Cyfluthrin,68359-37-5,High,"PPDB|C,0.001|O,0.05|",Positive,CC1(C(C1C(=O)OC(C#N)C2=CC(=C(C=C2)F)OC3=CC=CC=C3)C=C(Cl)Cl)C
Mexacarbate,315-18-4,High,"PPDB|U,0.302|",Positive,CC1=CC(=CC(=C1N(C)C)C)OC(=O)NC
Deltamethrin,52918-63-5,High,"PPDB|C,0.0015|O,0.07|",Positive,CC1(C(C1C(=O)OC(C#N)C2=CC(=CC=C2)OC3=CC=CC=C3)C=C(Br)Br)C
Chlorthion,500-28-7,High,"PPDB|U,0.2|",Positive,COP(=S)(OC)OC1=CC(=C(C=C1)[N+](=O)[O-])Cl
Isopropalin,33820-53-0,High,"PPDB|U,0.011|",Positive,CCCN(CCC)C1=C(C=C(C=C1[N+](=O)[O-])C(C)C)[N+](=O)[O-]
Momfluorothrin,609346-29-4,High,"PPDB|C,0.20|O,5.08|",Positive,CC(=CC1C(C1(C)C)C(=O)OCC2=C(C(=C(C(=C2F)F)COC)F)F)C#N
Promecarb,2631-37-0,High,"PPDB|U,1.1|",Positive,CC1=CC(=CC(=C1)OC(=O)NC)C(C)C
Flucythrinate,70124-77-5,High,"PPDB|C,0.078|",Positive,CC(C)C(C1=CC=C(C=C1)OC(F)F)C(=O)OC(C#N)C2=CC(=CC=C2)OC3=CC=CC=C3
Bensulide,741-58-2,High,"PPDB|C,24.0|U,> 1.6|",Positive,CC(C)OP(=S)(OC(C)C)SCCNS(=O)(=O)C1=CC=CC=C1
Azamethiphos,35575-96-3,High,"PPDB|C,> 0.10|",Positive,COP(=O)(OC)SCN1C2=NC=C(C=C2OC1=O)Cl
Thiamethoxam,153719-23-4,High,"PPDB|C,0.024|O,0.005|",Positive,CN1COCN(C1=N[N+](=O)[O-])CC2=CN=C(S2)Cl
Phosphamidon,13171-21-6,High,"PPDB|O,> 1.46|",Positive,CCN(CC)C(=O)C(=C(C)OP(=O)(OC)OC)Cl
Phorate,298-02-2,High,"PPDB|C,0.32|O,> 0.43|",Positive,CCOP(=S)(OCC)SCSCC
Chlorfenvinphos,470-90-6,High,"PPDB|O,0.55|",Positive,CCOP(=O)(OCC)OC(=CCl)C1=C(C=C(C=C1)Cl)Cl
Azinphos-methyl,86-50-0,High,"PPDB|C,0.42|",Positive,COP(=S)(OC)SCN1C(=O)C2=CC=CC=C2N=N1
Lambda-cyhalothrin,91465-08-6,High,"PPDB|C,0.038|O,0.91|",Positive,CC1(C(C1C(=O)OC(C#N)C2=CC(=CC=C2)OC3=CC=CC=C3)C=C(C(F)(F)F)Cl)C
Thiometon,640-15-3,High,"PPDB|C,> 0.55|",Positive,CCSCCSP(=S)(OC)OC
Bendiocarb,22781-23-3,High,"PPDB|O,> 0.1|",Positive,CC1(OC2=C(O1)C(=CC=C2)OC(=O)NC)C
Zeta-cypermethrin,97955-44-7,High,"PPDB|C,0.002|O,0.044|",Positive,CC1(C(C1C(=O)OC(C#N)C2=CC(=CC=C2)OC3=CC=CC=C3)C=C(Cl)Cl)C
Diafenthiuron,80060-09-9,High,"PPDB|C,1.5|",Positive,CC(C)C1=CC(=CC(=C1NC(=S)NC(C)(C)C)C(C)C)OC2=CC=CC=C2
Formothion,2540-82-1,High,"PPDB|C,0.15|",Positive,CN(C=O)C(=O)CSP(=S)(OC)OC
Naled,300-76-5,High,"PPDB|C,> 0.002|",Positive,COP(=O)(OC)OC(C(Cl)(Cl)Br)Br
Acrinathrin,101007-06-1,High,"PPDB|C,0.084|O,0.077|",Positive,CC1(C(C1C(=O)OC(C#N)C2=CC(=CC=C2)OC3=CC=CC=C3)C=CC(=O)OC(C(F)(F)F)C(F)(F)F)C
Isoprocarb,2631-40-5,High,"PPDB|C,> 2.0|",Positive,CC(C)C1=CC=CC=C1OC(=O)NC
Gamma-cyhalothrin,76703-62-3,High,"PPDB|C,0.005|O,4.2|",Positive,CC1(C(C1C(=O)OC(C#N)C2=CC(=CC=C2)OC3=CC=CC=C3)C=C(C(F)(F)F)Cl)C
Thiodicarb,59669-26-0,High,"PPDB|C,3.1|O,0.153|",Positive,CC(=NOC(=O)N(C)SN(C)C(=O)ON=C(C)SC)SC
Monocrotophos,6923-22-4,High,"PPDB|O,0.02|",Positive,C/C(=C\C(=O)NC)/OP(=O)(OC)OC
Fenvalerate,51630-58-1,High,"PPDB|C,0.23|",Positive,CC(C)C(C1=CC=C(C=C1)Cl)C(=O)OC(C#N)C2=CC(=CC=C2)OC3=CC=CC=C3
Omethoate,1113-02-6,High,"PPDB|O,0.048|",Positive,CNC(=O)CSP(=O)(OC)OC
Indoxacarb,173584-44-6,High,"PPDB|C,0.08|O,0.232|",Positive,COC(=O)C12CC3=C(C1=NN(CO2)C(=O)N(C4=CC=C(C=C4)OC(F)(F)F)C(=O)OC)C=CC(=C3)Cl
Oxydemeton-methyl,301-12-2,High,"PPDB|C,0.175|O,0.2|",Positive,CCS(=O)CCSP(=O)(OC)OC
Tetrachlorvinphos,22248-79-9,High,"PPDB|U,> 1.37|",Positive,COP(=O)(OC)OC(=CCl)C1=CC(=C(C=C1Cl)Cl)Cl
Cyantraniliprole,736994-63-1,High,"PPDB|C,> 0.0934|",Positive,CC1=CC(=CC(=C1NC(=O)C2=CC(=NN2C3=C(C=CC=N3)Cl)Br)C(=O)NC)C#N
Benfuracarb,82560-54-1,High,"PPDB|C,0.19|O,2.1|",Positive,CCOC(=O)CCN(C(C)C)SN(C)C(=O)OC1=CC=CC2=C1OC(C2)(C)C
Propoxur,114-26-1,High,"PPDB|C,0.112|U,> 1.35|",Positive,CC(C)OC1=CC=CC=C1OC(=O)NC
Hexaflumuron,86479-06-3,High,"PPDB|O,0.1|",Positive,C1=CC(=C(C(=C1)F)C(=O)NC(=O)NC2=CC(=C(C(=C2)Cl)OC(C(F)F)(F)F)Cl)F
Imiprothrin,72963-72-5,High,"PPDB|C,0.4|",Positive,CC(=CC1C(C1(C)C)C(=O)OCN2C(=O)CN(C2=O)CC#C)C
Thiofanox,39196-18-4,High,"PPDB|C,0.058|",Positive,CC(C)(C)C(=NOC(=O)NC)CSC
Permethrin,52645-53-1,High,"PPDB|C,0.024|O,0.13|",Positive,CC1(C(C1C(=O)OCC2=CC(=CC=C2)OC3=CC=CC=C3)C=C(Cl)Cl)C
S-methoprene,65733-16-6,High,"PPDB|U,< 2.0|",Positive,CC(C)OC(=O)C=C(C)C=CCC(C)CCCC(C)(C)OC
Methomyl,16752-77-5,High,"PPDB|C,0.16|O,0.28|",Positive,CC(=NOC(=O)NC)SC
Fensulfothion,115-90-2,High,"PPDB|U,0.337|",Positive,CCOP(=S)(OCC)OC1=CC=C(C=C1)S(=O)C
Phosmet,732-11-6,High,"PPDB|C,0.22|O,0.37|",Positive,COP(=S)(OC)SCN1C(=O)C2=CC=CC=C2C1=O
Nitenpyram,150824-47-8,High,"PPDB|U,0.138|",Positive,CCN(CC1=CN=C(C=C1)Cl)C(=C[N+](=O)[O-])NC
Fenthion,55-38-9,High,"PPDB|C,> 0.308|",Positive,CC1=C(C=CC(=C1)OP(=S)(OC)OC)SC
Lindane,58-89-9,High,"PPDB|C,0.23|O,0.011|",Positive,C1(C(C(C(C(C1Cl)Cl)Cl)Cl)Cl)Cl
Tefluthrin,79538-32-2,High,"PPDB|C,0.28|O,1.88|",Positive,CC1=C(C(=C(C(=C1F)F)COC(=O)C2C(C2(C)C)C=C(C(F)(F)F)Cl)F)F
Formetanate hydrochloride,23422-53-9,High,"PPDB|C,1.04|O,0.16|",Positive,CNC(=O)OC1=CC=CC(=C1)N=CN(C)C.Cl
Mephosfolan,950-10-7,High,"PPDB|C,0.0035|",Positive,CCOP(=O)(N=C1SCC(S1)C)OCC
Chlorobenzilate,510-15-6,High,"PPDB|U,1.01|",Positive,CCOC(=O)C(C1=CC=C(C=C1)Cl)(C2=CC=C(C=C2)Cl)O
Zarilamid,84527-51-5,High,"PPDB|C,> 0.2|",Positive,CCOC(C#N)NC(=O)C1=CC=C(C=C1)Cl
Malathion,121-75-5,High,"PPDB|C,0.16|O,0.40|",Positive,CCOC(=O)CC(C(=O)OCC)SP(=S)(OC)OC
Phenthoate,3/7/1997,High,"PPDB|U,0.306|",Positive,CCOC(=O)C(C1=CC=CC=C1)SP(=S)(OC)OC
Cadusafos,95465-99-9,High,"PPDB|C,1.08|O,2.07|",Positive,CCC(C)SP(=O)(OCC)SC(C)CC
Fenpropathrin,39515-41-8,High,"PPDB|C,> 0.05|",Positive,CC1(C(C1(C)C)C(=O)OC(C#N)C2=CC(=CC=C2)OC3=CC=CC=C3)C
Clothianidin,210880-92-5,High,"PPDB|C,0.044|O,0.004|",Positive,CN=C(NCC1=CN=C(S1)Cl)N[N+](=O)[O-]
Pirimiphos-methyl,29232-93-7,High,"PPDB|O,> 0.22|",Positive,CCN(CC)C1=NC(=CC(=N1)OP(=S)(OC)OC)C
Profenofos,41198-08-7,High,"PPDB|C,0.095|",Positive,CCCSP(=O)(OCC)OC1=C(C=C(C=C1)Br)Cl
Triflumezopyrim,1263133-33-0,High,"PPDB|C,0.39|O,0.51|",Positive,C1=CC=[N+]2C(=C1)N(C(=C(C2=O)C3=CC(=CC=C3)C(F)(F)F)[O-])CC4=CN=CN=C4
Endrin,72-20-8,High,"PPDB|C,> 0.46|",Positive,C1C2C3C(C1C4C2O4)C5(C(=C(C3(C5(Cl)Cl)Cl)Cl)Cl)Cl
XMC,2655-14-3,High,"PPDB|O,> 0.075|",Positive,CC1=CC(=CC(=C1)OC(=O)NC)C
Lithium perfluorooctane sulfonate,29457-72-5,High,"PPDB|O,0.40|",Positive,[Li+].C(C(C(C(C(F)(F)S(=O)(=O)[O-])(F)F)(F)F)(F)F)(C(C(C(F)(F)F)(F)F)(F)F)(F)F
Pyridafenthion,119-12-0,High,"PPDB|U,0.08|",Positive,CCOP(=S)(OCC)OC1=NN(C(=O)C=C1)C2=CC=CC=C2
Heptachlor,76-44-8,High,"PPDB|C,> 0.526|",Positive,C1=CC(C2C1C3(C(=C(C2(C3(Cl)Cl)Cl)Cl)Cl)Cl)Cl
Carbophenothion,786-19-6,High,"PPDB|C,< 1.4|",Positive,CCOP(=S)(OCC)SCSC1=CC=C(C=C1)Cl
Alpha-cypermethrin,67375-30-8,High,"PPDB|C,0.033|O,0.059|",Positive,CC1(C(C1C(=O)OC(C#N)C2=CC(=CC=C2)OC3=CC=CC=C3)C=C(Cl)Cl)C
Calcium arsenate,7778-44-1,High,"PPDB|O,1.4|",Positive,[O-][As](=O)([O-])[O-].[O-][As](=O)([O-])[O-].[Ca+2].[Ca+2].[Ca+2]
Spinetoram,935545-74-7,High,"PPDB|C,0.024|O,0.14|",Positive,CCC1CCCC(C(C(=O)C2=CC3C(C2CC(=O)O1)CCC4C3CC(C4)OC5C(C(C(C(O5)C)OC)OCC)OC)C)OC6CCC(C(O6)C)N(C)C
Carbaryl,63-25-2,High,"PPDB|C,0.14|O,0.21|",Positive,CNC(=O)OC1=CC=CC2=CC=CC=C21
Chlorfenapyr,122453-73-0,High,"PPDB|U,0.12|",Positive,CCOCN1C(=C(C(=C1C(F)(F)F)Br)C#N)C2=CC=C(C=C2)Cl
Cyhalothrin,68085-85-8,High,"PPDB|O,0.027|",Positive,CC1(C(C1C(=O)OC(C#N)C2=CC(=CC=C2)OC3=CC=CC=C3)C=C(C(F)(F)F)Cl)C
Bromophos,2104-96-3,High,"PPDB|C,> 0.44|",Positive,COP(=S)(OC)OC1=CC(=C(C=C1Cl)Br)Cl
DDT,50-29-3,High,"PPDB|C,0.54|",Positive,C1=CC(=CC=C1C(C2=CC=C(C=C2)Cl)C(Cl)(Cl)Cl)Cl
Vamidothion,2275-23-2,High,"PPDB|C,0.56|",Positive,CC(C(=O)NC)SCCSP(=O)(OC)OC
Pyridaben,96489-71-3,High,"PPDB|C,0.024|O,0.535|",Positive,CC(C)(C)C1=CC=C(C=C1)CSC2=C(C(=O)N(N=C2)C(C)(C)C)Cl
Quinalphos,13593-03-8,High,"PPDB|C,0.07|",Positive,CCOP(=S)(OCC)OC1=NC2=CC=CC=C2N=C1
Potassium iodide,7681-11-0,High,"PPDB|C,> 0.78|O,> 2.4|",Positive,[K+].[I-]
Bioresmethrin,28434-01-7,High,"PPDB|O,> 0.002|",Positive,CC(=CC1C(C1(C)C)C(=O)OCC2=COC(=C2)CC3=CC=CC=C3)C
Dinotefuran,165252-70-0,High,"PPDB|C,> 0.023|",Positive,CN=C(NCC1CCOC1)N[N+](=O)[O-]
Paclobutrazol,76738-62-0,High,"PPDB|C,> 40|O,> 2|",Positive,CC(C)(C)C(C(CC1=CC=C(C=C1)Cl)N2C=NC=N2)O
Oxamyl,23135-22-0,High,"PPDB|C,0.26|O,0.38|",Positive,CNC(=O)ON=C(C(=O)N(C)C)SC
Cypermethrin,52315-07-8,High,"PPDB|C,0.023|O,0.172|",Positive,CC1(C(C1C(=O)OC(C#N)C2=CC(=CC=C2)OC3=CC=CC=C3)C=C(Cl)Cl)C
Chlorpyrifos,2921-88-2,High,"PPDB|C,0.059|O,0.25|",Positive,CCOP(=S)(OCC)OC1=NC(=C(C=C1Cl)Cl)Cl
Dichlorvos,62-73-7,High,"PPDB|O,0.29|",Positive,COP(=O)(OC)OC=C(Cl)Cl
Methoprene,40596-69-8,High,"PPDB|U,2.0|",Positive,CC(C)OC(=O)C=C(C)C=CCC(C)CCCC(C)(C)OC
Bromophos-ethyl,4824-78-6,High,"PPDB|C,> 0.44|",Positive,CCOP(=S)(OCC)OC1=CC(=C(C=C1Cl)Br)Cl
Mevinphos,7786-34-7,High,"PPDB|U,0.027|",Positive,CC(=CC(=O)OC)OP(=O)(OC)OC
Potassium thiocyanate,333-20-0,High,"PPDB|C,> 0.33|O,> 1.0|",Positive,C(#N)[S-].[K+]
Aluminium phosphide,20859-73-8,High,"PPDB|O,0.24|",Positive,[Al]#P
Bifenthrin,82657-04-3,High,"PPDB|C,0.015|O,0.1|",Positive,CC1=C(C=CC=C1COC(=O)C2C(C2(C)C)C=C(C(F)(F)F)Cl)C3=CC=CC=C3
Transfluthrin,118712-89-3,High,"PPDB|C,> 2.0|",Positive,CC1(C(C1C(=O)OCC2=C(C(=CC(=C2F)F)F)F)C=C(Cl)Cl)C
Ethirimol,23947-60-6,High,"PPDB|O,1.6|",Positive,CCCCC1=C(NC(=NC1=O)NCC)C
Butathiofos,90338-20-8,High,"PPDB|U,0.0077|",Positive,CCOP(=S)(OCC)OC1=CN=C(N=C1)C(C)(C)C
Imidacloprid,138261-41-3,High,"PPDB|C,0.081|O,0.0037|",Positive,C1CN(C(=N1)N[N+](=O)[O-])CC2=CN=C(C=C2)Cl
Isoxathion,18854-01-8,High,"PPDB|C,0.082|",Positive,CCOP(=S)(OCC)OC1=NOC(=C1)C2=CC=CC=C2
Fenazaquin,120928-09-8,High,"PPDB|C,1.21|O,4.29|",Positive,CC(C)(C)C1=CC=C(C=C1)CCOC2=NC=NC3=CC=CC=C32
Temephos,3383-96-8,High,"PPDB|C,> 1.55|",Positive,COP(=S)(OC)OC1=CC=C(C=C1)SC2=CC=C(C=C2)OP(=S)(OC)OC
Chlorpyrifos-methyl,5598-13-0,High,"PPDB|C,0.15|O,0.18|",Positive,COP(=S)(OC)OC1=NC(=C(C=C1Cl)Cl)Cl
Beta-cyfluthrin,1820573-27-0,High,"PPDB|C,0.001|O,0.05|",Positive,CC1(C(C1C(=O)OC(C#N)C2=CC(=C(C=C2)F)OC3=CC=CC=C3)C=C(Cl)Cl)C
Dimethoate,60-51-5,High,"PPDB|C,0.1|O,0.1|U,0.1|",Positive,CNC(=O)CSP(=S)(OC)OC
"O,p'-DDT",789-02-6,High,"PPDB|C,0.54|",Positive,C1=CC=C(C(=C1)C(C2=CC=C(C=C2)Cl)C(Cl)(Cl)Cl)Cl
Cyclaniliprole,1031756-98-5,High,"PPDB|O,0.66|U,0.83|",Positive,CC(C1CC1)NC(=O)C2=CC(=CC(=C2NC(=O)C3=CC(=NN3C4=C(C=CC=N4)Cl)Br)Br)Cl
Carbofuran,1563-66-2,High,"PPDB|C,0.036|O,0.05|",Positive,CC1(CC2=C(O1)C(=CC=C2)OC(=O)NC)C
Metaflumizone,139968-49-3,High,"PPDB|C,1.65|O,2.43|",Positive,C1=CC(=CC(=C1)C(F)(F)F)C(=NNC(=O)NC2=CC=C(C=C2)OC(F)(F)F)CC3=CC=C(C=C3)C#N
Dieldrin,60-57-1,High,"PPDB|U,0.32|",Positive,C1C2C3C(C1C4C2O4)C5(C(=C(C3(C5(Cl)Cl)Cl)Cl)Cl)Cl
Diclobutrazol,75736-33-3,High,"PPDB|C,0.05|O,0.05|",Positive,CC(C)(C)C(C(CC1=C(C=C(C=C1)Cl)Cl)N2C=NC=N2)O.CC(C)(C)C(C(CC1=C(C=C(C=C1)Cl)Cl)N2C=NC=N2)O
Sulfoxaflor,946578-00-3,High,"PPDB|C,0.379|O,0.146|",Positive,CC(C1=CN=C(C=C1)C(F)(F)F)S(=NC#N)(=O)C
Methabenzthiazuron,18691-97-9,High,"PPDB|C,0.8|",Positive,CNC(=O)N(C)C1=NC2=CC=CC=C2S1
Chlormephos,24934-91-6,High,"PPDB|U,> 0.9|",Positive,CCOP(=S)(OCC)SCCl
Fonofos,944-22-9,High,"PPDB|C,> 3.3|U,0.0087|",Positive,CCOP(=S)(CC)SC1=CC=CC=C1
Parathion-ethyl,56-38-2,High,"PPDB|O,> 0.21|U,> 0.175|",Positive,CCOP(=S)(OCC)OC1=CC=C(C=C1)[N+](=O)[O-]
Prallethrin,23031-36-9,High,"PPDB|C,0.026|",Positive,CC1=C(C(=O)CC1OC(=O)C2C(C2(C)C)C=C(C)C)CC#C
Dicrotophos,141-66-2,High,"PPDB|O,0.068|",Positive,CC(=CC(=O)N(C)C)OP(=O)(OC)OC
Quinoclamine,2797-51-5,High,"PPDB|C,> 0.75|O,> 100|",Positive,C1=CC=C2C(=C1)C(=O)C(=C(C2=O)Cl)N
Lead arsenate,7784-40-9,High,"PPDB|U,< 2.0|",Positive,O[As](=O)([O-])[O-].[Pb+2]
Fipronil,120068-37-3,High,"PPDB|C,0.0059|O,0.00417|",Positive,C1=C(C=C(C(=C1Cl)N2C(=C(C(=N2)C#N)S(=O)C(F)(F)F)N)Cl)C(F)(F)F
Pyrazophos,13457-18-6,High,"PPDB|C,> 0.25|",Positive,CCOC(=O)C1=CN2C(=CC(=N2)OP(=S)(OCC)OCC)N=C1C
Methamidophos,10265-92-6,High,"PPDB|O,> 0.22|",Positive,COP(=O)(N)SC
Etofenprox,80844-07-1,High,"PPDB|C,> 0.038|O,0.366|",Positive,CCOC1=CC=C(C=C1)C(C)(C)COCC2=CC(=CC=C2)OC3=CC=CC=C3
Famoxadone,131807-57-3,High,"PPDB|C,> 25|O,> 1.0|",Positive,CC1(C(=O)N(C(=O)O1)NC2=CC=CC=C2)C3=CC=C(C=C3)OC4=CC=CC=C4
Chlorethoxyfos,54593-83-8,High,"PPDB|C,0.04|",Positive,CCOP(=S)(OCC)OC(C(Cl)(Cl)Cl)Cl
Esfenvalerate,66230-04-4,High,"PPDB|C,0.06|O,0.21|",Positive,CC(C)C(C1=CC=C(C=C1)Cl)C(=O)OC(C#N)C2=CC(=CC=C2)OC3=CC=CC=C3
Fenitrothion,122-14-5,High,"PPDB|C,0.16|O,0.20|",Positive,CC1=C(C=CC(=C1)OP(=S)(OC)OC)[N+](=O)[O-]
Resmethrin,10453-86-8,High,"PPDB|C,0.063|",Positive,CC(=CC1C(C1(C)C)C(=O)OCC2=COC(=C2)CC3=CC=CC=C3)C
Dimefox,115-26-4,High,"PPDB|C,> 1.9|",Positive,CN(C)P(=O)(N(C)C)F
Formetanate,22259-30-9,High,"PPDB|C,1.02|O,0.16|",Positive,CNC(=O)OC1=CC=CC(=C1)N=CN(C)C
Isofenphos,25311-71-1,High,"PPDB|C,> 0.61|U,Toxic|",Positive,CCOP(=S)(NC(C)C)OC1=CC=CC=C1C(=O)OC(C)C
Fosthiazate,98886-44-3,High,"PPDB|C,0.256|O,0.61|",Positive,CCC(C)SP(=O)(N1CCSC1=O)OCC
Flupyradifurone,951659-40-8,High,"PPDB|C,> 200|O,1.2|",Positive,C1C(=CC(=O)O1)N(CC2=CN=C(C=C2)Cl)CC(F)F
Acephate,30560-19-1,High,"PPDB|C,1.2|",Positive,CC(=O)NP(=O)(OC)SC
Aldicarb,116-06-3,High,"PPDB|C,> 0.28|O,> 0.16|",Positive,CC(C)(C=NOC(=O)NC)SC
Carbosulfan,55285-14-8,High,"PPDB|C,0.18|O,1.04|",Positive,CCCCN(CCCC)SN(C)C(=O)OC1=CC=CC2=C1OC(C2)(C)C
Flutriafol,76674-21-0,High,"PPDB|C,> 50|O,> 2.0|",Positive,C1=CC=C(C(=C1)C(CN2C=NC=N2)(C3=CC=C(C=C3)F)O)F
Beta-cypermethrin,65731-84-2,High,"PPDB|C,0.014|O,0.05|",Positive,CC1(C(C1C(=O)OC(C#N)C2=CC(=CC=C2)OC3=CC=CC=C3)C=C(Cl)Cl)C
Disulfoton,298-04-4,High,"PPDB|C,0.96|U,4.1|",Positive,CCOP(=S)(OCC)SCCSCC
Dialifos,10311-84-9,High,"PPDB|C,> 0.034|",Positive,CCOP(=S)(OCC)SC(CCl)N1C(=O)C2=CC=CC=C2C1=O
Tetramethrin,7696-12-0,High,"PPDB|U,> 0.16|",Positive,CC(=CC1C(C1(C)C)C(=O)OCN2C(=O)C3=C(C2=O)CCCC3)C
Bufencarb,8065-36-9,High,"PPDB|U,> 1.65|",Positive,CCCC(C)C1=CC(=CC=C1)OC(=O)NC.CCC(CC)C1=CC(=CC=C1)OC(=O)NC
Pyraclofos,77458-01-6,High,"PPDB|C,0.953|",Positive,CCCSP(=O)(OCC)OC1=CN(N=C1)C2=CC=C(C=C2)Cl
Silafluofen,105024-66-6,High,"PPDB|O,0.50|",Positive,CCOC1=CC=C(C=C1)[Si](C)(C)CCCC2=CC(=C(C=C2)F)OC3=CC=CC=C3
Fenamiphos,22224-92-6,High,"PPDB|C,0.28|O,0.45|",Positive,CCOP(=O)(NC(C)C)OC1=CC(=C(C=C1)SC)C
Azinphos-ethyl,2642-71-9,High,"PPDB|C,> 1.39|",Positive,CCOP(=S)(OCC)SCN1C(=O)C2=CC=CC=C2N=N1
EPN,2104-64-5,High,"PPDB|U,0.237|",Positive,CCOP(=S)(C1=CC=CC=C1)OC2=CC=C(C=C2)[N+](=O)[O-]
Tralomethrin,66841-25-6,High,"PPDB|C,0.13|",Positive,CC1(C(C1C(=O)OC(C#N)C2=CC(=CC=C2)OC3=CC=CC=C3)C(C(Br)(Br)Br)Br)C
Trichlorfon,52-68-6,High,"PPDB|O,> 0.4|",Positive,COP(=O)(C(C(Cl)(Cl)Cl)O)OC
Flufenprox,107713-58-6,High,"PPDB|U,0.03|",Positive,CCOC1=CC=C(C=C1)C(COCC2=CC(=CC=C2)OC3=CC=C(C=C3)Cl)C(F)(F)F
Chlorbenside,103-17-3,Low,"PPDB|U,Non-toxic|",Negative,C1=CC(=CC=C1CSC2=CC=C(C=C2)Cl)Cl
Methoprotryne,841-06-5,Low,"PPDB|U,Non-toxic|",Negative,CC(C)NC1=NC(=NC(=N1)NCCCOC)SC
Dichlone,117-80-6,Low,"PPDB|U,Non-toxic|",Negative,C1=CC=C2C(=C1)C(=O)C(=C(C2=O)Cl)Cl
Dicyclopentadiene,77-73-6,Low,"PPDB|U,Non-toxic|",Negative,C1C=CC2C1C3CC2C=C3
Monalide,7287-36-7,Low,"PPDB|U,Non toxic|",Negative,CCCC(C)(C)C(=O)NC1=CC=C(C=C1)Cl
Dinoseb,88-85-7,High,"PPDB|U,Highly toxic|",Positive,CCC(C)C1=CC(=CC(=C1O)[N+](=O)[O-])[N+](=O)[O-]
Difenoxuron,14214-32-5,Low,"PPDB|U,Non-toxic|",Negative,CN(C)C(=O)NC1=CC=C(C=C1)OC2=CC=C(C=C2)OC
Proximpham,2828-42-4,Low,"PPDB|U,Non-toxic|",Negative,CC(=NOC(=O)NC1=CC=CC=C1)C
Dibromochloropropane,96-12-8,Low,"PPDB|U,Non-toxic|",Negative,C(C(CBr)Br)Cl
Ethidimuron,30043-49-3,Low,"PPDB|U,Non-toxic|",Negative,CCS(=O)(=O)C1=NN=C(S1)N(C)C(=O)NC
Dimethirimol,5221-53-4,Low,"PPDB|U,Non-toxic|",Negative,CCCCC1=C(NC(=NC1=O)N(C)C)C
Copper oxychloride sulfate,8012-69-9,Low,"ECOTOX| C, 48 hr, > 14.5, UGB| C, 48 hr, > 100, UGB| O, 48 hr, > 27.2, UGB| ",Negative,[Cu+2].[Cu+2].[Cl-].[OH-].[OH-].[OH-]
Pyrethrins pyrethrum extract,8003-34-7,High,"ECOTOX| C, 48 hr,  0.022, UGB| O, 48 hr,  0.15, UGB| C, 48 hr,  4.11 formula, UGB| ",Positive,CC1C(OC(=O)C2C(C=C(C)C)C2(C)C)C=C(CC=CC=C)C1=O
Rotenone,83-79-4,Moderate,"ECOTOX| C, 48 hr, > 60, UGB| C, 48 hr, > 2.42, UGB| O, 48 hr, > 30, UGB| ",Positive,c12cc(c(cc1OC[C@@H]1[C@H]2C(=O)c2c(O1)c1c(cc2)O[C@H](C1)C(=C)C)OC)OC
Bentazon sodium salt,50723-80-3,Low,"ECOTOX| C, 48 hr, > 100, UGB| ",Negative,S1(=O)(=O)N(C(=O)c2c([N-]1)cccc2)C(C)C.[Na+]
Chloramben (Ammonium salt),1076-46-6,Low,"ECOTOX| C, 48 hr, > 14.5, UGB| ",Negative,Clc1cc(c(Cl)c(c1)C(=O)[O-])N.[NH4+]
Fluvalinate,69409-94-5,High,"ECOTOX| C, 48 hr,  1.21, UGB| C, 48 hr,  1.9, UGB| C, 48 hr,  0.80, UGB| C, 48 hr,  0.20, UGB| ",Positive,Clc1c(NC(C(=O)OC(c2cc(Oc3ccccc3)ccc2)C#N)C(C)C)ccc(C(F)(F)F)c1
Fomesafen sodium salt,108731-70-0,Low,"ECOTOX| C, 48 hr, > 100, UGB| O, 48 hr, > 50, UGB| ",Negative,[N-](S(=O)(=O)C)C(=O)c1c([N+](=O)[O-])ccc(c1)Oc1c(cc(C(F)(F)F)cc1)Cl.[Na+]
Streptomycin sulfate,3810-74-0,Low,"ECOTOX| C, N.R., > 100, UGB| ",Negative,S(=O)(=O)(O)O.S(=O)(=O)(O)O.S(=O)(=O)(O)O.O1[C@@H](O[C@@H]2[C@@H](NC(=N)N)[C@H](O)[C@@H](NC(=N)N)[C@H](O)[C@H]2O)[C@H](O[C@@H]2O[C@H]([C@H](O)[C@@H](O)[C@@H]2NC)CO)[C@](O)([C@@H]1C)C=O.O1[C@@H](O[C@@H]2[C@@H](NC(=N)N)[C@H](O)[C@@H](NC(=N)N)[C@H](O)[C@H]2O)[C@H](O[C@@H]2O[C@H]([C@H](O)[C@@H](O)[C@@H]2NC)CO)[C@](O)([C@@H]1C)C=O
Flumetralin,62924-70-3,Moderate,"ECOTOX| C, 48 hr, > 11, UGB| ",Positive,Clc1c(CN(c2c([N+](=O)[O-])cc(cc2[N+](=O)[O-])C(F)(F)F)CC)c(F)ccc1
Barium metaborate,13701-59-2,Low,"ECOTOX| O, 14 D, > 362.58, UGB| ",Negative,[Ba+2].[O-][BH]=O.[O-][BH]=O
Oxytetracycline calcium complex,7179-50-2,Low,"ECOTOX| C, 48 hr, > 100, UGB| ",Negative,O[C@@]12[C@@H]([C@@H](O)[C@H]3C(=C1O)C(=O)c1c([C@]3(O)C)cccc1O)[C@H](N(C)C)C(=C(C2=O)C(=O)N)O
Tetrachlorvinphos,961-11-5,High,"ECOTOX| C, 48 hr,  1.37, UGB| ",Positive,Clc1c(/C(=C/Cl)/OP(=O)(OC)OC)cc(Cl)c(Cl)c1
Fosamine ammonium,25954-13-6,Low,"ECOTOX| C, 48 hr, > 200, UGB| ",Negative,CCOP(=O)(C(=O)N)[O-].[NH4+]
"Dichlorprop P (2,4-DP-p) DMA",104786-87-0,Low,"ECOTOX| C, 48 hr, > 25, UGB| ",Negative,C(=O)([C@H](Oc1c(cc(cc1)Cl)Cl)C)[O-].[NH2+](C)C
Arsenic acid,7778-39-4,Moderate,"ECOTOX| C, 48 hr,  7.7, UGB| ",Positive,[As](=O)(O)(O)O
Cryolite,15096-52-3,Low,"ECOTOX| C, 48 hr, > 217.55, UGB| ",Negative,[Al-3](F)(F)(F)(F)(F)F.[Na+].[Na+].[Na+]
MCPP-p-dimethylamine salt,66423-09-4,Low,"ECOTOX| C, 48 hr, > 25, UGB| O, 48 hr, > 100, UGB| C, 48 hr, > 100, UGB| ",Negative,Clc1cc(c(O[C@@H](C(=O)O)C)cc1)C
Cacodylic acid (Phytar formulation),75-60-5,Low,"ECOTOX| C, 48 hr, > 157, UGB| ",Negative,[As](=O)(O)(C)C
Sodium Cacodylate/Cacodylic acid (Cacodylate 3.25),124-65-2,Low,"ECOTOX| C, 48 hr, > 100, UGB| ",Negative,[O-][As](=O)(C)C.[Na+]
MCPB sodium salt,6062-26-6,Low,"ECOTOX| C, 48 hr, > 25, UGB| C, 48 hr, > 238, UGB| ",Negative,c1(c(ccc(c1)Cl)OCCCC(=O)[O-])C.[Na+]
Mefluidide potassium salt,83601-83-6,Low,"ECOTOX| C, 48 hr, > 25, UGB| ",Negative,Cc1cc(c(cc1NC(=O)C)[N-]S(=O)(=O)C(F)(F)F)C.[K+]
Glyphosate isopropylamine salt,38641-94-0,Low,"ECOTOX| C, 48 hr, > 100, UGB| O, 48 hr, > 100, UGB| C, 48 hr, > 100, UGB| O, 48 hr, > 100, UGB| C, 48 hr, > 100, UGB| O, 48 hr, > 100, UGB| ",Negative,P(=O)(O)(O)CNCC(=O)O.NC(C)C
Picloram potassium salt,2545-60-0,Low,"ECOTOX| C, 48 hr, > 100, UGB| C, 48 hr, > 1000, PPM| C, 48 hr, > 14.5, UGB| ",Negative,c1(nc(c(c(c1Cl)N)Cl)Cl)C(=O)[O-].[K+]
Triclopyr BEE/Picloram isooctyl ester -Access,64700-56-7,Low,"ECOTOX| C, 48 hr, > 25, UGB| C, 48 hr, > 100, UGB| ",Negative,n1c(c(cc(c1Cl)Cl)Cl)OCC(=O)OCCOCCCC
"Picloram, isooctyl ester",26952-20-5,Low,"ECOTOX| C, 48 hr, > 25, UGB| ",Negative,c1(nc(c(c(c1Cl)N)Cl)Cl)C(=O)OCCCCCC(C)C
Piperalin,3478-94-2,Low,"ECOTOX| C, 96 hr, > 36.3, UGB| ",Negative,N1(C(C)CCCC1)CCCOC(=O)c1cc(c(cc1)Cl)Cl
2-Hydroxyethyl octyl sulfide MGK 874 repellent,3547-33-9,Low,"ECOTOX| C, 48 hr,  56.9, UGB| ",Negative,S(CCCCCCCC)CCO
Azadirachtin formulation,108168-76-9,Low,"ECOTOX| C, 48 hr, > 25, UGB| ",Negative,O1[C@H]2O[C@@H]3[C@]4(O[C@]4([C@H]([C@]2(CC1)O)C3)C)[C@]1([C@H]2[C@@]3([C@H]4[C@@H](OC[C@@]4([C@@H](C[C@@H]3OC(=O)C(CC)C)OC(=O)C)C(=O)OC)[C@H]1O)CO[C@]2(O)C(=O)OC)C
"Abamectin (Avermectin) L 638,384 dust",71751-41-2,High,"ECOTOX| C, 48 hr,  0.408, UGB| C, 48 hr,  0.408, UGB| C, 48 hr,  0.542, UGB| C, 24 hr,  0.0023, UGB| O, 24 hr,  0.0044, UGB| ",Positive,C1[C@@H](O[C@H]([C@@H]([C@H]1OC)O[C@H]1C[C@@H]([C@H]([C@@H](O1)C)O)OC)C)O[C@@H]1/C(=C/C[C@H]2O[C@@]3(C[C@@H](OC(=O)[C@@H]4C=C([C@@H](O)[C@H]5OC/C(=C\C=C\[C@@H]1C)/[C@@]45O)C)C2)O[C@@H]([C@H](C=C3)C)[C@@H](C)CC)/C
N6-Benzyladenine,1214-39-7,Low,"ECOTOX| C, 96 hr, > 25, UGB| ",Negative,N(Cc1ccccc1)c1ncnc2[nH]cnc12
ICIS-0748 hybidizing agent,81052-29-1,Low,"ECOTOX| C, 48 hr, > 200, UGB| O, 48 hr, > 100, UGB| ",Negative,c1(c(n(c(cc1=O)C)CC)c1ccc(cc1)Cl)C(=O)[O-].[K+]
L-Lactic acid Propel SY-83 formulation,79-33-4,Low,"ECOTOX| C, 48 hr, > 100.4, UGB| ",Negative,O=C(O)[C@@H](O)C
Triflumizole,68694-11-1,Moderate,"ECOTOX| C, 48 hr, > 160, UGB| C, 48 hr,  3.025, UGB| ",Positive,n1(/C(=N\c2c(C(F)(F)F)cc(cc2)Cl)/COCCC)cncc1
Mefluidide diethanolamine salt,53780-36-2,Low,"ECOTOX| C, 48 hr, > 25, UGB| ",Negative,S(=O)(=O)(Nc1c(cc(c(NC(=O)C)c1)C)C)C(F)(F)F.OCCNCCO
Imazapic-ammonium,104098-49-9,Low,"ECOTOX| C, 48 hr, > 100, UGB| ",Negative,C1(=NC(C(=O)N1)(C(C)C)C)c1c(C(=O)[O-])cc(cn1)C.[NH4+]
Methyl anthralinate,134-20-3,Low,"ECOTOX| C, 48 hr, > 25, UGB| ",Negative,COC(=O)c1ccccc1N
Captafol (Cancelled in U.S.),2939-80-2,Low,"ECOTOX| C, 48 hr, > 96.7, UGB| ",Negative,[C@H]12[C@H](C(=O)N(C1=O)SC(C(Cl)Cl)(Cl)Cl)CC=CC2
Emamectin benzoate,137512-74-4,High,"ECOTOX| C, 48 hr,  0.0035, UGB| C, 96 hr,  0.0028, UGB| O, 48 hr,  0.0068, UGB| ",Positive,[C@@H]12C3(C(OC/C/3=C\C=C\[C@@H]([C@@H](/C(=C/CC3OC4(OC(C(C=C4)C)C(CC)C)C[C@@H](OC1=O)C3)/C)O[C@@H]1OC([C@@H]([C@@H](C1)OC)O[C@@H]1OC([C@H]([C@@H](C1)OC)NC)C)C)C)[C@@H](C(=C2)C)O)O.C(=O)(c1ccccc1)O
Diflufenzopyr-sodium,109293-98-3,Low,"ECOTOX| C, 48 hr, > 25, UGB| ",Negative,c1(c(/C(=N/NC(=O)Nc2cc(cc(c2)F)F)/C)nccc1)C(=O)[O-].[Na+]
Spinosad,131929-60-7,High,"ECOTOX| C, 48 hr,  0.0029, UGB| ",Positive,C1C(OC(=O)C[C@@H]2C(=CC3[C@H]2C=CC2CC(C[C@@H]32)OC2OC(C(C(C2OC)OC)OC)C)C(=O)[C@@H](C(CC1)OC1OC(C(CC1)N(C)C)C)C)CC
MCPA dimethylamine salt,2039-46-5,Low,"ECOTOX| C, 48 hr, > 25, UGB| ",Negative,c1(c(OCC(=O)O)ccc(c1)Cl)C.N(C)C
"2,4-DP 2-Butoxyethyl Ester",53404-31-2,Low,"ECOTOX| C, 48 hr, > 25, UGB| ",Negative,Clc1c(OC(C(=O)OCCOCCCC)C)ccc(Cl)c1
Clofencet potassium salt Mon 21200 formulation,82697-71-0,Low,"ECOTOX| C, 48 hr, > 100, UGB| O, 48 hr, > 100, UGB| ",Negative,c1(c(n(ncc1=O)c1ccc(cc1)Cl)CC)C(=O)[O-].[K+]
Gentamicin sulfate (BP 88),1405-41-0,Low,"ECOTOX| C, 48 hr, > 25.4, UGB| ",Negative,S(=O)(=O)(O)O.O([C@@H]1[C@@H](O)[C@H](O[C@H]2O[C@@H](CC[C@H]2N)CN)[C@@H](N)C[C@H]1N)[C@H]1OC[C@](O)([C@H](NC)[C@H]1O)C
MCPA 2-ethylhexyl ester,29450-45-1,Low,"ECOTOX| C, 48 hr, > 25, UGB| O, 48 hr, > 119.24, UGB| C, 48 hr, > 100, UGB| ",Negative,C(=O)(OCC(CC)CCCC)COc1c(cc(cc1)Cl)C
Arsanilic acid,98-50-0,Low,"ECOTOX| C, 48 hr, > 100, UGB| ",Negative,Nc1ccc(cc1)[As](=O)(O)O
Milbemectin (Milbemycin A4 + Milbemycin A3),51596-11-3,High,"ECOTOX| C, 48 hr,  0.0250, UGB| C, 48 hr,  4.23, UGB| O, 48 hr,  0.460, UGB| C, 48 hr, > 100, UGB| ",Positive,[C@]12([C@H]3[C@@H](C(=C[C@H]1C(=O)O[C@@H]1C[C@]4(O[C@H](C/C=C(/C[C@@H](C)/C=C/C=C/2\CO3)\C)C1)O[C@@H]([C@H](CC4)C)CC)C)O)O
"Fatty alcohols(54%C10, 45%C8, 0.2%C6,0.4%C12)",85566-12-7,Low,"ECOTOX| C, 48 hr, > 25, UGB| ",Negative,OCCCCCCCC
Trifloxysulfuron sodium,290332-10-4,Low,"ECOTOX| C, 48 hr, > 25, UGB| ",Negative,S(=O)(=O)(c1ncccc1OCC(F)(F)F)NC(=O)[N-]c1nc(cc(n1)OC)OC.[Na+]
"2,4-D 2-EHE",1928-43-4,Low,"ECOTOX| O, 72 hr, > 100, UGB| C, 72 hr, > 100, UGB| ",Negative,CCCCC(Cc1c(Cl)ccc(c1Cl)OOC(=O)C)CC
Spinetoram (mixture Factor L + Factor J),187166-40-1,High,"ECOTOX| O, 96 hr,  0.1100, UGB| C, 48 hr,  0.0240, UGB| C, 96 hr,  0.0557, UGB| C, 96 hr,  0.0267, UGB| ",Positive,[C@@H]12[C@H](CC[C@@H]3[C@H]1C=C1C(=O)[C@H](C)[C@H](CCC[C@@H](OC(=O)C[C@@H]31)CC)O[C@@H]1O[C@@H]([C@H](CC1)N(C)C)C)C[C@@H](O[C@@H]1O[C@H]([C@@H]([C@H]([C@H]1OC)OCC)OC)C)C2
Maleic Hydrazide Choline salt -MH formulated,71203-19-5,Low,"ECOTOX| C, 48 hr, > 30, UGB| ",Negative,[N+](CCO)(C)(C)C.[O-]C1=CCC(=O)N=N1
Dimethyl disulfide,624-92-0,Low,"ECOTOX| C, 48 hr, > 100, UGB| ",Negative,CSSC
Fenoxaprop-p-ethyl HOE 046360 EC formulation,113158-40-0,Low,"ECOTOX| C, 48 hr,  59, UGB| ",Negative,c1(nc2c(o1)cc(cc2)Cl)Oc1ccc(O[C@@H](C(=O)O)C)cc1
Ferric sulfate,10028-22-5,Low,"ECOTOX| C, 96 hr, > 25 (limit test), UGB| C, 96 hr, > 100, UGB| ",Negative,[Fe].[Fe].S(=O)(=O)(O)O.S(=O)(=O)(O)O.S(=O)(=O)(O)O
Ferrous sulfate monohydrate limit test,17375-41-6,Low,"ECOTOX| C, 48 hr, > 25, UGB| C, 48 hr, > 100, UGB| ",Negative,[Fe+2].S(=O)(=O)([O-])[O-].O
Tolfenpyrad,129558-76-5,High,"ECOTOX| O, 48 hr,  0.63, UGB| C, 48 hr,  0.47, UGB| ",Positive,O=C(NCc1ccc(Oc2ccc(cc2)C)cc1)c1n(nc(c1Cl)CC)C
Pyrifluquinazon 20SC formulation,337458-27-2,Low,"ECOTOX| C, 48 hr, > 100, UGB| C, 96 hr,  35, UGB| O, 48 hr,  36, UGB| O, 96 hr,  4.7, UGB| C, 48 hr, > 100, UGB| C, 96 hr, > 100, UGB| O, 96 hr, > 100, UGB| ",Negative,CC(=O)N1C(=O)N(NCc2cccnc2)Cc2c1ccc(c2)C(C(F)(F)F)(C(F)(F)F)F
Potassium tri-iodide,12298-68-9,Low,"ECOTOX| C, 48 hr,  69, UGB| O, 48 hr,  43, UGB| ",Negative,[I-](I)I.[K+]
Polybutene H300,9003-29-6,Low,"ECOTOX| C, 48 hr, > 24.17, UGB| ",Negative,O=c1n(c(=O)n(c2nc(N3CCCC3)n(c12)C)C)C
Sodium fluoroacetate,62-74-8,High,"ECOTOX| O, 24 hr,  0.8, UGB| ",Positive,[Na+].FCC(=O)[O-]
Chlorflurenol methyl ester Maintain CF 125,37339-61-0,Low,"ECOTOX| C, 48 hr, > 25, UGB| ",Negative,COC(=O)C1(O)c2cc(Cl)ccc2c2c1cccc2
Solatenol,1072957-71-1,Low,"ECOTOX| C, 48 hr, > 100, UGB| O, 48 hr, > 109, UGB| ",Negative,n1(nc(c(c1)C(=O)Nc1c2C3CCC(c2ccc1)C3=C(Cl)Cl)C(F)F)C
Pal 6000 urea compound (UMP-488 technical),111578-32-6,Low,"ECOTOX| C, 48 hr, > 100, UGB| ",Negative,C(=O)(Nc1ccc(Oc2cc3OC(CC(c3cc2)(C)C)(OC)C)cc1)N(OC)C
Metofluthrin,240494-70-6,High,"ECOTOX| C, 48 hr,  0.015, UGB| ",Positive,Fc1c(COC(=O)C2C(C2C=CC)(C)C)c(F)c(F)c(c1F)COC
MGK-264/Prallethrin Multicide 27301 formulation,113-48-4,Low,"ECOTOX| C, 48 hr,  103 product, UGB| C, 48 hr, > 25, UGB| ",Negative,O=C1N(C(=O)C2C1C1CC2C=C1)CC(CCCC)CC
Nitrapyrin,1929-82-4,Low,"ECOTOX| C, 48 hr, > 100, UGB| O, 48 hr, > 100, UGB| ",Negative,ClC(Cl)(Cl)c1nc(Cl)ccc1
3-Chloro-p-toluidine hydrochloride,7745-89-3,Low,"ECOTOX| O, 48 hr, > 72, UGB| ",Negative,Nc1ccc(c(c1)Cl)C.Cl
Tolpyralate,1101132-67-5,Low,"ECOTOX| C, 48 hr, > 108 limit test, UGB| O, 48 hr, > 100 limit test, UGB| O, 48 hr, > 315 limt test, UGB| C, 48 hr, > 100 limit test, UGB| O, 10 D, > 93, UGB| ",Negative,C(=O)(OC)OC(C)Oc1n(ncc1C(=O)c1c(c(c(cc1)S(=O)(=O)C)OCCOC)C)CC
Sodium 1-naphthaleneacetate (NAA-Na),61-31-4,Low,"ECOTOX| C, 48 hr, > 96.7, UGB| O, 48 hr,  127, UGB| ",Negative,[Na+].[O-]C(=O)Cc1c2c(ccc1)cccc2
Etridiazole Terrazole 48 EC formulation,2593-15-9,Low,"ECOTOX| O, 48 hr, > 77, UGB| C, 48 hr, > 100, UGB| ",Negative,CCOc1snc(n1)C(Cl)(Cl)Cl
Tioxazafen,330459-31-9,High,"ECOTOX| C, 48 hr, > 100 limit test, UGB| O, 48 hr, > 0.41 limit test, UGB| ",Positive,n1c(onc1c1ccccc1)c1cccs1
Azadirachtin,11141-17-6,Moderate,"PANPD| Moderately Toxic, Moderately Toxic| ",Positive,O1[C@@]2([C@]3([C@H]4[C@@]5([C@H]6[C@@H](OC[C@@]6([C@H](OC(=O)C)C[C@@H]5OC(=O)/C(=C/C)/C)C(=O)OC)[C@H]3O)CO[C@]4(O)C(=O)OC)C)[C@@]1([C@@H]1[C@]3(O)[C@H](O[C@H]2C1)OC=C3)C
Fentin hydroxide,668-34-8,Low,"PANPD| Not Acutely Toxic, Not Acutely Toxic| ",Negative,[Sn+](c1ccccc1)(c1ccccc1)c1ccccc1
Fenoxaprop acid,95617-09-7,High,"PANPD| Highly Toxic, Highly Toxic| ",Positive,Clc1cc2oc(Oc3ccc(OC(C)C(=O)O)cc3)nc2cc1
Fluoxastrobin,193740-76-0,Low,"PANPD| Not Acutely Toxic, Not Acutely Toxic| ",Negative,C(=N\OC)(/C1=NOCCO1)\c1c(Oc2c(c(ncn2)Oc2c(Cl)cccc2)F)cccc1
Fenpropimorph,67306-03-0,Low,"PANPD| Slightly Toxic, Slightly Toxic| ",Negative,c1(CC(CN2CC(OC(C2)C)C)C)ccc(cc1)C(C)(C)C
Fenpyroximate,111812-58-9,Low,"PANPD| Not Acutely Toxic, Not Acutely to Slightly Toxic| ",Negative,Cc1nn(C)c(Oc2ccccc2)c1/C=N\OCc1ccc(cc1)C(=O)OC(C)(C)C
Gentamycin,1403-66-3,Low,"PANPD| Slightly Toxic, Slightly Toxic| ",Negative,C1[C@H](O[C@@H]([C@@H](C1)N)O[C@@H]1[C@H](C[C@H]([C@@H]([C@H]1O)O[C@@H]1[C@@H]([C@H]([C@](CO1)(O)C)NC)O)N)N)C(NC)C
Imidacloprid,105827-78-9,High,"PANPD| Highly Toxic, Highly Toxic| ",Positive,O=[N+](NC1=NCCN1Cc1ccc(Cl)nc1)[O-]
Lactic acid,50-21-5,Low,"PANPD| Not Acutely Toxic, Not Acutely Toxic| ",Negative,O=C(O)C(O)C
"MCPA, isooctyl ester",26544-20-7,Low,"PANPD| Slightly Toxic, Slightly Toxic| ",Negative,c1(c(OCC(=O)OCCCCCC(C)C)ccc(c1)Cl)C
Mevinphos,26718-65-0,High,"PANPD| Highly Toxic, Highly Toxic| ",Positive,P(=O)(O/C=C(\C)/C(=O)OC)(OC)OC
"Naptalam, sodium salt",132-67-2,Low,"PANPD| Not Acutely Toxic, Not Acutely Toxic| ",Negative,C(=O)(Nc1c2c(ccc1)cccc2)c1c(C(=O)[O-])cccc1.[Na+]
Oxytetracycline,79-57-2,Low,"PANPD| Slightly Toxic, Slightly Toxic| ",Negative,O[C@@H]1[C@@H]2[C@](O)(C(=O)C3=C(O)c4c([C@@](O)([C@@H]13)C)cccc4O)C(=O)/C(=C(\O)/N)/C(=O)[C@H]2N(C)C
Permethrin,51877-74-8,High,"PANPD| Moderately Toxic, Slightly to Highly Toxic| ",Positive,ClC(=C[C@H]1C([C@@H]1C(=O)OCc1cc(Oc2ccccc2)ccc1)(C)C)Cl
PCP,87-85-4,Low,"PANPD| Slightly Toxic, Slightly Toxic| ",Negative,c1(c(c(c(c(C)c1C)C)C)C)C
"Picloram, triisopropanolamine salt",6753-47-5,Low,"PANPD| Not Acutely Toxic, Not Acutely to Slightly Toxic| ",Negative,c1(nc(c(c(c1Cl)N)Cl)Cl)C(=O)O.N(CC(O)C)(CC(O)C)CC(O)C
Pyrethrins,121-21-1,High,"PANPD| Highly Toxic, Highly Toxic| ",Positive,O(C(=O)[C@H]1C([C@@H]1C=C(C)C)(C)C)[C@@H]1C(=C(C(=O)C1)C/C=C\C=C)C
ptomycin,57-92-1,Low,"PANPD| Slightly Toxic, Slightly Toxic| ",Negative,O1[C@@H](O[C@@H]2[C@@H](NC(=N)N)[C@H](O)[C@@H](NC(=N)N)[C@H](O)[C@H]2O)[C@H](O[C@@H]2O[C@H]([C@H](O)[C@@H](O)[C@@H]2NC)CO)[C@](O)([C@@H]1C)C=O
badilla alkaloids,62-59-9,Low,"PANPD| Slightly Toxic, Slightly Toxic| ",Negative,O1[C@@]23[C@@]4([C@@H]([C@@]1(O)[C@@H](OC(=O)/C(=C\C)/C)CC4)CC[C@H]2[C@@]1(O)[C@@](O)(C3)[C@H]2[C@](O)([C@@H](O)C1)[C@](O)([C@H]1N(C2)C[C@H](CC1)C)C)C
