Outcome,old_SMILES,Set,SMILES
Nontoxic,CCNc1nc(CC)c(C(=O)NC(C#N)c2cccs2)s1,Modeling,CCNC1=NC(CC)=C(C(=O)NC(C#N)C2=CC=CS2)S1
Toxic,CCOP(=S)(OCC)Oc1cc(C)nc(C(C)C)n1,Modeling,CCOP(=S)(OCC)OC1=CC(C)=NC(C(C)C)=N1
Nontoxic,CC1CN(C2CCCCCCCCCCC2)CC(C)O1,Modeling,CC1CN(C2CCCCCCCCCCC2)CC(C)O1
Nontoxic,O=C(NC(=O)c1c(F)cccc1F)Nc1ccc(Oc2ccc(C(F)(F)F)cc2Cl)cc1F,Modeling,O=C(NC(=O)C1=C(F)C=CC=C1F)NC1=CC=C(OC2=CC=C(C(F)(F)F)C=C2Cl)C=C1F
Nontoxic,Clc1ccccc1-c1nnc(-c2ccccc2Cl)nn1,Modeling,ClC1=CC=CC=C1C1=NN=C(C2=CC=CC=C2Cl)N=N1
Toxic,COP(=S)(OC)Oc1ccc(SC)c(C)c1,Modeling,COP(=S)(OC)OC1=CC=C(SC)C(C)=C1
Toxic,CCCSP(=O)(OCC)SCCC,Modeling,CCCSP(=O)(OCC)SCCC
Toxic,CC(C)c1cc(Oc2ccccc2)cc(C(C)C)c1NC(=S)NC(C)(C)C,Modeling,CC(C)C1=CC(OC2=CC=CC=C2)=CC(C(C)C)=C1NC(=S)NC(C)(C)C
Nontoxic,O=C(Cc1ccccc1)NC(=NOCC1CC1)c1c(C(F)(F)F)ccc(F)c1F,Modeling,O=C(CC1=CC=CC=C1)NC(=NOCC1CC1)C1=C(C(F)(F)F)C=CC(F)=C1F
Nontoxic,CC(C)(C)C(O)(CCc1ccc(Cl)cc1)Cn1cncn1,Modeling,CC(C)(C)C(O)(CCC1=CC=C(Cl)C=C1)CN1C=NC=N1
Nontoxic,CCCCc1c(C)nc(NCC)nc1OS(=O)(=O)N(C)C,Modeling,CCCCC1=C(C)N=C(NCC)N=C1OS(=O)(=O)N(C)C
Nontoxic,CCCCNC(=O)n1c(NC(=O)OC)nc2ccccc21,Modeling,CCCCNC(=O)N1C(NC(=O)OC)=NC2=CC=CC=C21
Nontoxic,COc1cccc(C(=O)NN(C(=O)c2cc(C)cc(C)c2)C(C)(C)C)c1C,Modeling,COC1=CC=CC(C(=O)NN(C(=O)C2=CC(C)=CC(C)=C2)C(C)(C)C)=C1C
Nontoxic,CCCN(CCC)C(=O)SCC,Modeling,CCCN(CCC)C(=O)SCC
Nontoxic,CCCC1COC(Cn2cncn2)(c2ccc(Cl)cc2Cl)O1,Modeling,CCCC1COC(CN2C=NC=N2)(C2=CC=C(Cl)C=C2Cl)O1
Toxic,C#CCN1CC(=O)N(COC(=O)C2C(C=C(C)C)C2(C)C)C1=O,Modeling,C#CCN1CC(=O)N(COC(=O)C2C(C=C(C)C)C2(C)C)C1=O
Nontoxic,OC(Cn1cncn1)(c1ccc(F)cc1)c1ccccc1F,Modeling,OC(CN1C=NC=N1)(C1=CC=C(F)C=C1)C1=CC=CC=C1F
Toxic,CC1(C)C(C=C(Cl)C(F)(F)F)C1C(=O)OC(C#N)c1cccc(Oc2ccccc2)c1,Modeling,CC1(C)C(C=C(Cl)C(F)(F)F)C1C(=O)OC(C#N)C1=CC=CC(OC2=CC=CC=C2)=C1
Nontoxic,CC(C1CC1)C(O)(Cn1cncn1)c1ccc(Cl)cc1,Modeling,CC(C1CC1)C(O)(CN1C=NC=N1)C1=CC=C(Cl)C=C1
Nontoxic,CC(C)C1(C)N=C(c2ncccc2C(=O)O)NC1=O,Modeling,CC(C)C1(C)N=C(C2=NC=CC=C2C(=O)O)NC1=O
Nontoxic,CC(C)(C)C(O)C(=Cc1ccc(Cl)cc1Cl)n1cncn1,Modeling,CC(C)(C)C(O)C(=CC1=CC=C(Cl)C=C1Cl)N1C=NC=N1
Toxic,CC1(C)C(C=C(Cl)c2ccc(Cl)cc2)C1C(=O)OC(C#N)c1ccc(F)c(Oc2ccccc2)c1,Modeling,CC1(C)C(C=C(Cl)C2=CC=C(Cl)C=C2)C1C(=O)OC(C#N)C1=CC=C(F)C(OC2=CC=CC=C2)=C1
Toxic,CNC(=O)CSP(=S)(OC)OC,Modeling,CNC(=O)CSP(=S)(OC)OC
Nontoxic,CC(Cc1ccc(C(C)(C)C)cc1)CN1CCCCC1,Modeling,CC(CC1=CC=C(C(C)(C)C)C=C1)CN1CCCCC1
Nontoxic,CC(C)(C)N(NC(=O)c1ccc(Cl)cc1)C(=O)c1ccccc1,Modeling,CC(C)(C)N(NC(=O)C1=CC=C(Cl)C=C1)C(=O)C1=CC=CC=C1
Nontoxic,CCCOc1nc2ccc(I)cc2c(=O)n1CCC,Modeling,CCCOC1=NC2=CC=C(I)C=C2C(=O)N1CCC
Toxic,COP(=O)(OC)OC(C)=CC(=O)N(C)C,Modeling,COP(=O)(OC)OC(C)=CC(=O)N(C)C
Toxic,CCOP(=S)(OCC)SCSC(C)(C)C,Modeling,CCOP(=S)(OCC)SCSC(C)(C)C
Toxic,COc1nn(CSP(=S)(OC)OC)c(=O)s1,Modeling,COC1=NN(CSP(=S)(OC)OC)C(=O)S1
Toxic,CNC(=O)ON=C(SC)C(=O)N(C)C,Modeling,CNC(=O)ON=C(SC)C(=O)N(C)C
Nontoxic,COc1nc(C)nc(NC(=O)NS(=O)(=O)c2ccccc2CCC(F)(F)F)n1,Modeling,COC1=NC(C)=NC(NC(=O)NS(=O)(=O)C2=CC=CC=C2CCC(F)(F)F)=N1
Nontoxic,CCCCCCCCSCCO,Modeling,CCCCCCCCSCCO
Toxic,CCOC(=O)c1cn2nc(OP(=S)(OCC)OCC)cc2nc1C,Modeling,CCOC(=O)C1=CN2N=C(OP(=S)(OCC)OCC)C=C2N=C1C
Toxic,Cc1nn(C)c(Oc2ccccc2)c1C=NOCc1ccc(C(=O)OC(C)(C)C)cc1,Modeling,CC1=NN(C)C(OC2=CC=CC=C2)=C1C=NOCC1=CC=C(C(=O)OC(C)(C)C)C=C1
Toxic,COP(=O)(OC)OC(Br)C(Cl)(Cl)Br,Modeling,COP(=O)(OC)OC(Br)C(Cl)(Cl)Br
Nontoxic,Cc1cnc2c(C(=O)O)c(Cl)ccc2c1,Modeling,CC1=CN=C2C(C(=O)O)=C(Cl)C=CC2=C1
Toxic,CCOP(=S)(OCC)SCCSCC,Modeling,CCOP(=S)(OCC)SCCSCC
Toxic,CNC(=O)Oc1cc(C)cc(C)c1,Modeling,CNC(=O)OC1=CC(C)=CC(C)=C1
Nontoxic,COC(=O)c1sccc1S(=O)(=O)NC(=O)Nc1nc(C)nc(OC)n1,Modeling,COC(=O)C1=C(S(=O)(=O)NC(=O)NC2=NC(C)=NC(OC)=N2)C=CS1
Nontoxic,C#CCOS(=O)OC1CCCCC1Oc1ccc(C(C)(C)C)cc1,Modeling,C#CCOS(=O)OC1CCCCC1OC1=CC=C(C(C)(C)C)C=C1
Nontoxic,S=C(S)NCCNC(=S)S,Modeling,S=C(S)NCCNC(=S)S
Nontoxic,CON=C(C1=NOCCO1)c1ccccc1Oc1ncnc(Oc2ccccc2Cl)c1F,Modeling,CON=C(C1=NOCCO1)C1=CC=CC=C1OC1=NC=NC(OC2=CC=CC=C2Cl)=C1F
Toxic,CNC(=O)Oc1cccc2c1OC(C)(C)O2,Modeling,CNC(=O)OC1=CC=CC2=C1OC(C)(C)O2
Nontoxic,CC(C)(C)C(=O)C(Oc1ccc(Cl)cc1)n1cncn1,Modeling,CC(C)(C)C(=O)C(OC1=CC=C(Cl)C=C1)N1C=NC=N1
Nontoxic,Clc1ccc(CSC(Cn2cncn2)=Nc2ccc(Cl)cc2Cl)cc1,Modeling,ClC1=CC=C(CSC(CN2C=NC=N2)=NC2=CC=C(Cl)C=C2Cl)C=C1
Toxic,CNC(=O)ON=CC(C)(C)S(C)=O,Modeling,CNC(=O)ON=CC(C)(C)S(C)=O
Toxic,CCN(CC)c1nc(C)cc(OP(=S)(OC)OC)n1,Modeling,CCN(CC)C1=NC(C)=CC(OP(=S)(OC)OC)=N1
Toxic,CN=C(NCC1CCOC1)N[N+](=O)[O-],Modeling,CN=C(NCC1CCOC1)N[N+](=O)[O-]
Toxic,O=C(O)C1(C(=O)Nc2ccc(Cl)cc2Cl)CC1,Modeling,O=C(O)C1(C(=O)NC2=CC=C(Cl)C=C2Cl)CC1
Toxic,CCOP(=S)(NC(C)C)Oc1ccccc1C(=O)OC(C)C,Modeling,CCOP(=S)(NC(C)C)OC1=CC=CC=C1C(=O)OC(C)C
Nontoxic,O=C(NC(=O)c1c(F)cccc1F)Nc1ccc(Cl)cc1,Modeling,O=C(NC(=O)C1=C(F)C=CC=C1F)NC1=CC=C(Cl)C=C1
Nontoxic,COC(=O)c1ccc(CNS(C)(=O)=O)cc1S(=O)(=O)NC(=O)Nc1nc(OC)cc(OC)n1,Modeling,COC(=O)C1=CC=C(CNS(C)(=O)=O)C=C1S(=O)(=O)NC(=O)NC1=NC(OC)=CC(OC)=N1
Nontoxic,N#Cc1ccc(CC(=NNC(=O)Nc2ccc(OC(F)(F)F)cc2)c2cccc(C(F)(F)F)c2)cc1,Modeling,N#CC1=CC=C(CC(=NNC(=O)NC2=CC=C(OC(F)(F)F)C=C2)C2=CC=CC(C(F)(F)F)=C2)C=C1
Nontoxic,CC(C)OP(=O)(OC(C)C)SCc1ccccc1,Modeling,CC(C)OP(=O)(OC(C)C)SCC1=CC=CC=C1
Nontoxic,O=C(NCc1ncc(C(F)(F)F)cc1Cl)c1c(Cl)cccc1Cl,Modeling,O=C(NCC1=NC=C(C(F)(F)F)C=C1Cl)C1=C(Cl)C=CC=C1Cl
Toxic,C=CCC1=C(C)C(OC(=O)C2C(C=C(C)C)C2(C)C)CC1=O,Modeling,C=CCC1=C(C)C(OC(=O)C2C(C=C(C)C)C2(C)C)CC1=O
Nontoxic,CC(Oc1ccc(Oc2ncc(C(F)(F)F)cc2Cl)cc1)C(=O)O,Modeling,CC(OC1=CC=C(OC2=NC=C(C(F)(F)F)C=C2Cl)C=C1)C(=O)O
Nontoxic,C=CCOC(=O)C(C)(C)OC(=O)c1cc(-n2c(=O)cc(C(F)(F)F)n(C)c2=O)ccc1Cl,Modeling,C=CCOC(=O)C(C)(C)OC(=O)C1=CC(N2C(=O)C=C(C(F)(F)F)N(C)C2=O)=CC=C1Cl
Nontoxic,O=C(NC(=O)c1c(F)cccc1F)Nc1cc(C(F)(F)F)cc(C(F)(F)F)c1Cl,Modeling,O=C(NC(=O)C1=C(F)C=CC=C1F)NC1=CC(C(F)(F)F)=CC(C(F)(F)F)=C1Cl
Nontoxic,CCc1cnc(C2=NC(C)(C(C)C)C(=O)N2)c(C(=O)O)c1,Modeling,CCC1=CN=C(C2=NC(C)(C(C)C)C(=O)N2)C(C(=O)O)=C1
Nontoxic,CC1=C(C(=O)Nc2ccccc2)SCCO1,Modeling,CC1=C(C(=O)NC2=CC=CC=C2)SCCO1
Nontoxic,Nc1c(Cl)c(Cl)nc(C(=O)O)c1Cl,Modeling,NC1=C(Cl)C(Cl)=NC(C(=O)O)=C1Cl
Nontoxic,CCS(=O)(=O)c1cccnc1S(=O)(=O)NC(=O)Nc1nc(OC)cc(OC)n1,Modeling,CCS(=O)(=O)C1=CC=CN=C1S(=O)(=O)NC(=O)NC1=NC(OC)=CC(OC)=N1
Nontoxic,O=C(NC(=O)c1c(F)cccc1F)Nc1cc(Cl)c(OC(F)(F)C(F)C(F)(F)F)cc1Cl,Modeling,O=C(NC(=O)C1=C(F)C=CC=C1F)NC1=CC(Cl)=C(OC(F)(F)C(F)C(F)(F)F)C=C1Cl
Toxic,N#Cc1nn(-c2c(Cl)cc(C(F)(F)F)cc2Cl)c(N)c1S(=O)C(F)(F)F,Modeling,N#CC1=NN(C2=C(Cl)C=C(C(F)(F)F)C=C2Cl)C(N)=C1S(=O)C(F)(F)F
Nontoxic,COc1ccc(C(=CC(=O)N2CCOCC2)c2ccc(F)cc2)cc1OC,Modeling,COC1=CC=C(C(=CC(=O)N2CCOCC2)C2=CC=C(F)C=C2)C=C1OC
Nontoxic,Cc1nc(N(C)C)nc(OC(=O)N(C)C)c1C,Modeling,CC1=NC(N(C)C)=NC(OC(=O)N(C)C)=C1C
Toxic,ClC1=C(Cl)C2(Cl)C3C(Cl)C(Cl)CC3C1(Cl)C2(Cl)Cl,Modeling,ClC1=C(Cl)C2(Cl)C3C(Cl)C(Cl)CC3C1(Cl)C2(Cl)Cl
Toxic,CC(C)C(C(=O)OC(C#N)c1cccc(Oc2ccc(Br)cc2)c1)c1ccc(OC(F)F)cc1,Modeling,CC(C)C(C(=O)OC(C#N)C1=CC=CC(OC2=CC=C(Br)C=C2)=C1)C1=CC=C(OC(F)F)C=C1
Nontoxic,CSSC,Modeling,CSSC
Nontoxic,COc1cc(OC)n2nc(NS(=O)(=O)c3c(C(F)(F)F)ccnc3OC)nc2n1,Modeling,COC1=NC2=NC(NS(=O)(=O)C3=C(C(F)(F)F)C=CN=C3OC)=NN2C(OC)=C1
Toxic,CN1COCN(Cc2cnc(Cl)s2)C1=N[N+](=O)[O-],Modeling,CN1COCN(CC2=CN=C(Cl)S2)C1=N[N+](=O)[O-]
Toxic,COP(=O)(OC)SCn1c(=O)oc2cc(Cl)cnc21,Modeling,COP(=O)(OC)SCN1C(=O)OC2=CC(Cl)=CN=C21
Toxic,CNC(=O)Oc1cccc2ccccc12,Modeling,CNC(=O)OC1=CC=CC2=CC=CC=C12
Nontoxic,CCCOC(=O)NCCCN(C)C,Modeling,CCCOC(=O)NCCCN(C)C
Nontoxic,COc1nc(C)nc(NC(=O)NS(=O)(=O)c2ccccc2Cl)n1,Modeling,COC1=NC(C)=NC(NC(=O)NS(=O)(=O)C2=CC=CC=C2Cl)=N1
Toxic,CCOc1ccc(C(C)(C)COCc2cccc(Oc3ccccc3)c2)cc1,Modeling,CCOC1=CC=C(C(C)(C)COCC2=CC=CC(OC3=CC=CC=C3)=C2)C=C1
Nontoxic,CN1CSC(=S)N(C)C1,Modeling,CN1CSC(=S)N(C)C1
Nontoxic,O=C(NCCc1ncc(C(F)(F)F)cc1Cl)c1ccccc1C(F)(F)F,Modeling,O=C(NCCC1=NC=C(C(F)(F)F)C=C1Cl)C1=CC=CC=C1C(F)(F)F
Nontoxic,COc1ncc(F)c2nc(S(=O)(=O)Nc3c(F)cccc3F)nn12,Modeling,COC1=NC=C(F)C2=NC(S(=O)(=O)NC3=C(F)C=CC=C3F)=NN12
Nontoxic,CC1(C)CCC(Cc2ccc(Cl)cc2)C1(O)Cn1cncn1,Modeling,CC1(C)CCC(CC2=CC=C(Cl)C=C2)C1(O)CN1C=NC=N1
Nontoxic,CC(C)NC(=O)N1CC(=O)N(c2cc(Cl)cc(Cl)c2)C1=O,Modeling,CC(C)NC(=O)N1CC(=O)N(C2=CC(Cl)=CC(Cl)=C2)C1=O
Toxic,CNC(=O)ON=CC(C)(C)SC,Modeling,CNC(=O)ON=CC(C)(C)SC
Toxic,COc1ccc(-c2ccccc2)cc1NNC(=O)OC(C)C,Modeling,COC1=CC=C(C2=CC=CC=C2)C=C1NNC(=O)OC(C)C
Nontoxic,COC(=O)C(C)Oc1ccc(Oc2ccc(Cl)cc2Cl)cc1,Modeling,COC(=O)C(C)OC1=CC=C(OC2=CC=C(Cl)C=C2Cl)C=C1
Toxic,CCC(C)C1OC2(C=CC1C)CC1CC(C/C=C(\C)C(OC3CC(OC)C(OC4CC(OC)C(O)C(C)O4)C(C)O3)C(C)/C=C/C=C3\COC4C(O)C(C)=CC(C(=O)O1)C34O)O2,Modeling,CCC(C)C1OC2(C=CC1C)CC1CC(C/C=C(\C)C(OC3CC(OC)C(OC4CC(OC)C(O)C(C)O4)C(C)O3)C(C)/C=C/C=C3\COC4C(O)C(C)=CC(C(=O)O1)C34O)O2
Nontoxic,COC(=O)c1ccccc1S(=O)(=O)NC(=O)N(C)c1nc(C)nc(OC)n1,Modeling,COC(=O)C1=CC=CC=C1S(=O)(=O)NC(=O)N(C)C1=NC(C)=NC(OC)=N1
Nontoxic,CCOC(=O)NCCOc1ccc(Oc2ccccc2)cc1,Modeling,CCOC(=O)NCCOC1=CC=C(OC2=CC=CC=C2)C=C1
Nontoxic,CN(C)c1ccc(N=NS(=O)(=O)O)cc1,Modeling,CN(C)C1=CC=C(N=NS(=O)(=O)O)C=C1
Nontoxic,CSC(=O)c1c(C(F)F)nc(C(F)(F)F)c(C(=O)SC)c1CC(C)C,Modeling,CSC(=O)C1=C(C(F)F)N=C(C(F)(F)F)C(C(=O)SC)=C1CC(C)C
Nontoxic,Cc1cc(=O)[nH]o1,Modeling,CC1=CC(=O)NO1
Nontoxic,Cc1cc(C(F)(C(F)(F)F)C(F)(F)F)ccc1NC(=O)c1cccc(I)c1C(=O)NC(C)(C)CS(C)(=O)=O,Modeling,CC1=CC(C(F)(C(F)(F)F)C(F)(F)F)=CC=C1NC(=O)C1=CC=CC(I)=C1C(=O)NC(C)(C)CS(C)(=O)=O
Nontoxic,C=CCCCOC(=O)C(CC)N(Cc1ccco1)C(=O)n1ccnc1,Modeling,C=CCCCOC(=O)C(CC)N(CC1=CC=CO1)C(=O)N1C=CN=C1
Toxic,CC(C)=CC1C(C(=O)OCc2coc(Cc3ccccc3)c2)C1(C)C,Modeling,CC(C)=CC1C(C(=O)OCC2=COC(CC3=CC=CC=C3)=C2)C1(C)C
Nontoxic,CCNc1nc(Cl)nc(NC(C)(C)C#N)n1,Modeling,CCNC1=NC(Cl)=NC(NC(C)(C)C#N)=N1
Nontoxic,CC(C)C1CCC(Cc2ccc(Cl)cc2)C1(O)Cn1cncn1,Modeling,CC(C)C1CCC(CC2=CC=C(Cl)C=C2)C1(O)CN1C=NC=N1
Nontoxic,CCOc1ccc(NC(=O)OC(C)C)cc1OCC,Modeling,CCOC1=CC=C(NC(=O)OC(C)C)C=C1OCC
Nontoxic,CS(=O)(=O)c1ccc(C(=O)C2C(=O)CCCC2=O)c(Cl)c1COCC(F)(F)F,Modeling,CS(=O)(=O)C1=CC=C(C(=O)C2C(=O)CCCC2=O)C(Cl)=C1COCC(F)(F)F
Nontoxic,Fc1ccc(Oc2ccnc3cc(Cl)cc(Cl)c23)cc1,Modeling,FC1=CC=C(OC2=CC=NC3=CC(Cl)=CC(Cl)=C23)C=C1
Nontoxic,N#CN=C1SCCN1Cc1ccc(Cl)nc1,Modeling,N#CN=C1SCCN1CC1=CC=C(Cl)N=C1
Nontoxic,O=c1c2cc(F)ccc2nc(-n2cncn2)n1-c1ccc(Cl)cc1Cl,Modeling,O=C1C2=CC(F)=CC=C2N=C(N2C=NC=N2)N1C1=CC=C(Cl)C=C1Cl
Nontoxic,NC(N)=NCC(O)CC(O)(C(=O)O)C1OC(n2cc(CO)c(N)nc2=O)C=CC1NC(=O)C(N)CO,Modeling,NC(N)=NCC(O)CC(O)(C(=O)O)C1OC(N2C=C(CO)C(N)=NC2=O)C=CC1NC(=O)C(N)CO
Nontoxic,CC1(C)CON(Cc2ccccc2Cl)C1=O,Modeling,CC1(C)CON(CC2=CC=CC=C2Cl)C1=O
Nontoxic,COc1cc(OC)nc(NC(=O)NS(=O)(=O)N(C)S(C)(=O)=O)n1,Modeling,COC1=CC(OC)=NC(NC(=O)NS(=O)(=O)N(C)S(C)(=O)=O)=N1
Nontoxic,O=C1CCc2cccc3c2N1CC3,Modeling,O=C1CCC2=CC=CC3=C2N1CC3
Toxic,CC(=NC#N)N(C)Cc1ccc(Cl)nc1,Modeling,CC(=NC#N)N(C)CC1=CC=C(Cl)N=C1
Nontoxic,O=C(O)c1ccccc1C(=O)Nc1cccc2ccccc12,Modeling,O=C(O)C1=CC=CC=C1C(=O)NC1=CC=CC2=CC=CC=C12
Nontoxic,CNC(=S)S,Modeling,CNC(=S)S
Toxic,CCS(=O)CCSP(=O)(OC)OC,Modeling,CCS(=O)CCSP(=O)(OC)OC
Nontoxic,COCC(=O)N(c1c(C)cccc1C)N1CCOC1=O,Modeling,COCC(=O)N(C1=C(C)C=CC=C1C)N1CCOC1=O
Nontoxic,CCC(Nc1ncnc(C)c1Cl)c1ccc(OC(F)F)cc1,Modeling,CCC(NC1=NC=NC(C)=C1Cl)C1=CC=C(OC(F)F)C=C1
Nontoxic,Cc1ccc2nc3sc(=O)sc3nc2c1,Modeling,CC1=CC=C2N=C3SC(=O)SC3=NC2=C1
Nontoxic,COC(=O)c1cccc(C)c1S(=O)(=O)NC(=O)Nc1nc(OCC(F)(F)F)nc(N(C)C)n1,Modeling,COC(=O)C1=CC=CC(C)=C1S(=O)(=O)NC(=O)NC1=NC(OCC(F)(F)F)=NC(N(C)C)=N1
Toxic,CC1(C)C(C=C(Cl)Cl)C1C(=O)OC(C#N)c1ccc(F)c(Oc2ccccc2)c1,Modeling,CC1(C)C(C=C(Cl)Cl)C1C(=O)OC(C#N)C1=CC=C(F)C(OC2=CC=CC=C2)=C1
Nontoxic,CCCN(CCOc1c(Cl)cc(Cl)cc1Cl)C(=O)n1ccnc1,Modeling,CCCN(CCOC1=C(Cl)C=C(Cl)C=C1Cl)C(=O)N1C=CN=C1
Nontoxic,CCOC(=O)C=C(C)C=CCC(C)CCCC(C)C,Modeling,CCOC(=O)C=C(C)C=CCC(C)CCCC(C)C
Toxic,CCC1CCCC(OC2CCC(N(C)C)C(C)O2)C(C)C(=O)C2=CC3C(C=CC4CC(OC5OC(C)C(OC)C(OC)C5OC)CC43)C2CC(=O)O1,Modeling,CCC1CCCC(OC2CCC(N(C)C)C(C)O2)C(C)C(=O)C2=CC3C(C=CC4CC(OC5OC(C)C(OC)C(OC)C5OC)CC43)C2CC(=O)O1
Nontoxic,COc1nc(NC(C)C)nc(NC(C)C)n1,Modeling,COC1=NC(NC(C)C)=NC(NC(C)C)=N1
Toxic,Cc1c(COC(=O)C2C(C=C(Cl)C(F)(F)F)C2(C)C)cccc1-c1ccccc1,Modeling,CC1=C(COC(=O)C2C(C=C(Cl)C(F)(F)F)C2(C)C)C=CC=C1C1=CC=CC=C1
Nontoxic,CC(C)N1C(=O)N(c2ccccc2)CSC1=NC(C)(C)C,Modeling,CC(C)N1C(=O)N(C2=CC=CC=C2)CSC1=NC(C)(C)C
Toxic,CCOP(=S)(OCC)SCSCC,Modeling,CCOP(=S)(OCC)SCSCC
Nontoxic,COCCN(C(=O)CCl)c1c(C)cccc1C,Modeling,COCCN(C(=O)CCl)C1=C(C)C=CC=C1C
Toxic,ClC1C(Cl)C(Cl)C(Cl)C(Cl)C1Cl,Modeling,ClC1C(Cl)C(Cl)C(Cl)C(Cl)C1Cl
Nontoxic,N#CCNC(=O)c1cnccc1C(F)(F)F,Modeling,N#CCNC(=O)C1=CN=CC=C1C(F)(F)F
Nontoxic,CSC(C)=NOC(=O)N(C)SN(C)C(=O)ON=C(C)SC,Modeling,CSC(C)=NOC(=O)N(C)SN(C)C(=O)ON=C(C)SC
Toxic,CCOC(=O)CC(SP(=S)(OC)OC)C(=O)OCC,Modeling,CCOC(=O)CC(SP(=S)(OC)OC)C(=O)OCC
Toxic,COC(=O)C=C(C)OP(=O)(OC)OC,Modeling,COC(=O)C=C(C)OP(=O)(OC)OC
Nontoxic,C#CCN1C(=O)COc2cc(F)c(N3C(=O)C4=C(CCCC4)C3=O)cc21,Modeling,C#CCN1C(=O)COC2=CC(F)=C(N3C(=O)C4=C(CCCC4)C3=O)C=C21
Nontoxic,C=CCOC(Cn1ccnc1)c1ccc(Cl)cc1Cl,Modeling,C=CCOC(CN1C=CN=C1)C1=CC=C(Cl)C=C1Cl
Nontoxic,O=C(O)c1c(Cl)ccc2cc(Cl)cnc12,Modeling,O=C(O)C1=C(Cl)C=CC2=CC(Cl)=CN=C12
Nontoxic,O=CNC(N1CCN(C(NC=O)C(Cl)(Cl)Cl)CC1)C(Cl)(Cl)Cl,Modeling,O=CNC(N1CCN(C(NC=O)C(Cl)(Cl)Cl)CC1)C(Cl)(Cl)Cl
Nontoxic,CC1OC(OC2C(O)C(O)C(O)C(O)C2O)C(N)CC1N=C(N)C(=O)O,Modeling,CC1OC(OC2C(O)C(O)C(O)C(O)C2O)C(N)CC1N=C(N)C(=O)O
Toxic,COP(=S)(OC)Oc1ccc(Sc2ccc(OP(=S)(OC)OC)cc2)cc1,Modeling,COP(=S)(OC)OC1=CC=C(SC2=CC=C(OP(=S)(OC)OC)C=C2)C=C1
Toxic,COP(N)(=O)SC,Modeling,COP(N)(=O)SC
Nontoxic,FC(F)(F)c1ccc(OCCCOc2c(Cl)cc(OCC=C(Cl)Cl)cc2Cl)nc1,Modeling,FC(F)(F)C1=CC=C(OCCCOC2=C(Cl)C=C(OCC=C(Cl)Cl)C=C2Cl)N=C1
Nontoxic,CNC(=O)C(=NOC)c1ccccc1COc1cc(C)ccc1C,Modeling,CNC(=O)C(=NOC)C1=CC=CC=C1COC1=CC(C)=CC=C1C
Nontoxic,O=c1ccc(=O)[nH][nH]1,Modeling,O=C1C=CC(=O)NN1
Nontoxic,CN(C)c1nc(=O)n(C2CCCCC2)c(=O)n1C,Modeling,CN(C)C1=NC(=O)N(C2CCCCC2)C(=O)N1C
Toxic,COP(=S)(OC)Oc1ccc([N+](=O)[O-])c(C)c1,Modeling,COP(=S)(OC)OC1=CC=C([N+](=O)[O-])C(C)=C1
Toxic,CC1(C)C(C=C(Cl)Cl)C1C(=O)OCc1cccc(Oc2ccccc2)c1,Modeling,CC1(C)C(C=C(Cl)Cl)C1C(=O)OCC1=CC=CC(OC2=CC=CC=C2)=C1
Nontoxic,C=CCNC(=O)c1c([Si](C)(C)C)sc(C)c1C,Modeling,C=CCNC(=O)C1=C([Si](C)(C)C)SC(C)=C1C
Nontoxic,COP(=S)(OC)Oc1c(Cl)cc(C)cc1Cl,Modeling,COP(=S)(OC)OC1=C(Cl)C=C(C)C=C1Cl
Nontoxic,CN(C)C(=O)SCCCCOc1ccccc1,Modeling,CN(C)C(=O)SCCCCOC1=CC=CC=C1
Nontoxic,COC(=O)N(OC)c1ccccc1COc1ccn(-c2ccc(Cl)cc2)n1,Modeling,COC(=O)N(OC)C1=CC=CC=C1COC1=NN(C2=CC=C(Cl)C=C2)C=C1
Toxic,COP(=S)(OC)Oc1nc(Cl)c(Cl)cc1Cl,Modeling,COP(=S)(OC)OC1=NC(Cl)=C(Cl)C=C1Cl
Toxic,COP(=O)(OC)OC(=CCl)c1cc(Cl)c(Cl)cc1Cl,Modeling,COP(=O)(OC)OC(=CCl)C1=CC(Cl)=C(Cl)C=C1Cl
Nontoxic,O=C(NC(=O)c1c(F)cccc1F)Nc1cc(Cl)c(F)c(Cl)c1F,Modeling,O=C(NC(=O)C1=C(F)C=CC=C1F)NC1=CC(Cl)=C(F)C(Cl)=C1F
Nontoxic,CCOCN(C(=O)CCl)c1c(C)cccc1CC,Modeling,CCOCN(C(=O)CCl)C1=C(C)C=CC=C1CC
Nontoxic,CN(C)NC(=O)CCC(=O)O,Modeling,CN(C)NC(=O)CCC(=O)O
Nontoxic,COc1cc(OC)nc(NC(=O)NS(=O)(=O)Nc2ccccc2C(=O)N(C)C)n1,Modeling,COC1=CC(OC)=NC(NC(=O)NS(=O)(=O)NC2=CC=CC=C2C(=O)N(C)C)=N1
Toxic,CNC(=O)C=C(C)OP(=O)(OC)OC,Modeling,CNC(=O)C=C(C)OP(=O)(OC)OC
Nontoxic,CCOc1cc(C(C)(C)C)ccc1C1COC(c2c(F)cccc2F)=N1,Modeling,CCOC1=CC(C(C)(C)C)=CC=C1C1COC(C2=C(F)C=CC=C2F)=N1
Nontoxic,CCCCOC(=O)C(C)Oc1ccc(Oc2ccc(C#N)cc2F)cc1,Modeling,CCCCOC(=O)C(C)OC1=CC=C(OC2=CC=C(C#N)C=C2F)C=C1
Toxic,CNC(=O)ON=C(C)C(C)SC,Modeling,CNC(=O)ON=C(C)C(C)SC
Toxic,C=C(C)C1Cc2c(ccc3c2OC2COc4cc(OC)c(OC)cc4C2C3=O)O1,Modeling,C=C(C)C1CC2=C(C=CC3=C2OC2COC4=CC(OC)=C(OC)C=C4C2C3=O)O1
Nontoxic,CSc1nnc(C(C)(C)C)c(=O)n1N,Modeling,CSC1=NN=C(C(C)(C)C)C(=O)N1N
Nontoxic,O=C(Nc1ccccc1)Nc1cnns1,Modeling,O=C(NC1=CC=CC=C1)NC1=CN=NS1
Nontoxic,COc1ccc(C(=CC(=O)N2CCOCC2)c2ccc(Cl)cc2)cc1OC,Modeling,COC1=CC=C(C(=CC(=O)N2CCOCC2)C2=CC=C(Cl)C=C2)C=C1OC
Nontoxic,O=C(Nc1ccccc1)N(Cc1ccc(Cl)cc1)C1CCCC1,Modeling,O=C(NC1=CC=CC=C1)N(CC1=CC=C(Cl)C=C1)C1CCCC1
Nontoxic,O=C1c2ccccc2C(=O)N1SC(Cl)(Cl)Cl,Modeling,O=C1C2=CC=CC=C2C(=O)N1SC(Cl)(Cl)Cl
Nontoxic,CC=C(C)C(=O)OC1CC(OC(C)=O)C2(C(=O)OC)COC3C2C12COC(O)(C(=O)OC)C2C(C)(C12OC1(C)C1CC2OC2OC=CC21O)C3O,Modeling,CC=C(C)C(=O)OC1CC(OC(C)=O)C2(C(=O)OC)COC3C2C12COC(O)(C(=O)OC)C2C(C)(C12OC1(C)C1CC2OC2OC=CC21O)C3O
Nontoxic,Oc1c(Cl)c(Cl)c(Cl)c(Cl)c1Cl,Modeling,OC1=C(Cl)C(Cl)=C(Cl)C(Cl)=C1Cl
Toxic,CNC(=O)Oc1ccccc1OC(C)C,Modeling,CNC(=O)OC1=CC=CC=C1OC(C)C
Nontoxic,COC(=O)Nc1cccc(OC(=O)Nc2cccc(C)c2)c1,Modeling,COC(=O)NC1=CC=CC(OC(=O)NC2=CC=CC(C)=C2)=C1
Nontoxic,CC(Cc1ccc(C(C)(C)C)cc1)CN1CC(C)OC(C)C1,Modeling,CC(CC1=CC=C(C(C)(C)C)C=C1)CN1CC(C)OC(C)C1
Nontoxic,Cc1cc([N+](=O)[O-])cc([N+](=O)[O-])c1O,Modeling,CC1=CC([N+](=O)[O-])=CC([N+](=O)[O-])=C1O
Nontoxic,CCNc1nc(NC(C)C)nc(SC)n1,Modeling,CCNC1=NC(NC(C)C)=NC(SC)=N1
Nontoxic,O=C(O)CCCOc1ccc(Cl)cc1Cl,Modeling,O=C(O)CCCOC1=CC=C(Cl)C=C1Cl
Toxic,CC1(C)C(C=C(Cl)Cl)C1C(=O)OC(C#N)c1cccc(Oc2ccccc2)c1,Modeling,CC1(C)C(C=C(Cl)Cl)C1C(=O)OC(C#N)C1=CC=CC(OC2=CC=CC=C2)=C1
Nontoxic,O=C1C2CC=CCC2C(=O)N1SC(Cl)(Cl)Cl,Modeling,O=C1C2CC=CCC2C(=O)N1SC(Cl)(Cl)Cl
Toxic,CC(C)C(C(=O)OC(C#N)c1cccc(Oc2ccccc2)c1)c1ccc(OC(F)F)cc1,Modeling,CC(C)C(C(=O)OC(C#N)C1=CC=CC(OC2=CC=CC=C2)=C1)C1=CC=C(OC(F)F)C=C1
Toxic,CCOP(=O)(OCC)SCCSCC,Modeling,CCOP(=O)(OCC)SCCSCC
Nontoxic,Cc1ccc(C(C)NC(=O)C(NC(=O)OC(C)C)C(C)C)cc1,Modeling,CC1=CC=C(C(C)NC(=O)C(NC(=O)OC(C)C)C(C)C)C=C1
Toxic,CCOP(=O)(SC(C)CC)N1CCSC1=O,Modeling,CCOP(=O)(SC(C)CC)N1CCSC1=O
Toxic,CNC(=O)ON=C(C)SC,Modeling,CNC(=O)ON=C(C)SC
Toxic,CCCSP(=O)(OCC)Oc1cnn(-c2ccc(Cl)cc2)c1,Modeling,CCCSP(=O)(OCC)OC1=CN(C2=CC=C(Cl)C=C2)N=C1
Toxic,CC1(C)C(C=CC(=O)OC(C(F)(F)F)C(F)(F)F)C1C(=O)OC(C#N)c1cccc(Oc2ccccc2)c1,Modeling,CC1(C)C(C=CC(=O)OC(C(F)(F)F)C(F)(F)F)C1C(=O)OC(C#N)C1=CC=CC(OC2=CC=CC=C2)=C1
Nontoxic,OC(Cc1ccccc1Cl)(Cn1[nH]cnc1=S)C1(Cl)CC1,Modeling,OC(CC1=CC=CC=C1Cl)(CN1NC=NC1=S)C1(Cl)CC1
Toxic,COP(=O)(OC)OC=C(Cl)Cl,Modeling,COP(=O)(OC)OC=C(Cl)Cl
Nontoxic,N#Cc1sc2c(=O)c3ccccc3c(=O)c=2sc1C#N,Modeling,N#CC1=C(C#N)SC2=C(S1)C(=O)C1=CC=CC=C1C2=O
Nontoxic,Cc1c(Br)c2ccc(F)cc2n1S(=O)(=O)c1ncn(S(=O)(=O)N(C)C)n1,Modeling,CC1=C(Br)C2=CC=C(F)C=C2N1S(=O)(=O)C1=NN(S(=O)(=O)N(C)C)C=N1
Nontoxic,CCc1cc(C)cc(CC)c1-c1c(OC(=O)C(C)(C)C)n2n(c1=O)CCOCC2,Modeling,CCC1=CC(C)=CC(CC)=C1C1=C(OC(=O)C(C)(C)C)N2CCOCCN2C1=O
Nontoxic,CCOP(=O)(OCC)OC(=CCl)c1ccc(Cl)cc1Cl,Modeling,CCOP(=O)(OCC)OC(=CCl)C1=CC=C(Cl)C=C1Cl
Nontoxic,CP(=O)(O)CCC(N)C(=O)O,Modeling,CP(=O)(O)CCC(N)C(=O)O
Nontoxic,Cc1cc(C)cc(C(=O)N(NC(=O)c2ccc3c(c2C)CCCO3)C(C)(C)C)c1,Modeling,CC1=CC(C)=CC(C(=O)N(NC(=O)C2=CC=C3OCCCC3=C2C)C(C)(C)C)=C1
Nontoxic,CCC(C)(C)C(=O)OC1=C(c2ccc(Cl)cc2Cl)C(=O)OC12CCCCC2,Modeling,CCC(C)(C)C(=O)OC1=C(C2=CC=C(Cl)C=C2Cl)C(=O)OC12CCCCC2
Nontoxic,CSC1=NC(C)(c2ccccc2)C(=O)N1Nc1ccccc1,Modeling,CSC1=NC(C)(C2=CC=CC=C2)C(=O)N1NC1=CC=CC=C1
Nontoxic,CSC(=O)c1cccc2nnsc12,Modeling,CSC(=O)C1=CC=CC2=C1SN=N2
Nontoxic,CCCOCC(=Nc1ccc(Cl)cc1C(F)(F)F)n1ccnc1,Modeling,CCCOCC(=NC1=CC=C(Cl)C=C1C(F)(F)F)N1C=CN=C1
Toxic,CCOC(=O)CCN(Cc1ccccc1)SN(C)C(=O)ON=C(C)SC,Modeling,CCOC(=O)CCN(CC1=CC=CC=C1)SN(C)C(=O)ON=C(C)SC
Nontoxic,COc1cc(OC)nc(Sc2cccc(Cl)c2C(=O)O)n1,Modeling,COC1=CC(OC)=NC(SC2=CC=CC(Cl)=C2C(=O)O)=N1
Nontoxic,COC(=O)Nc1nc2ccccc2[nH]1,Modeling,COC(=O)NC1=NC2=CC=CC=C2N1
Nontoxic,COP(=O)(OC)C(O)C(Cl)(Cl)Cl,Modeling,COP(=O)(OC)C(O)C(Cl)(Cl)Cl
Nontoxic,COc1cnc(OC)n2nc(NS(=O)(=O)c3c(OCC(F)F)cccc3C(F)(F)F)nc12,Modeling,COC1=CN=C(OC)N2N=C(NS(=O)(=O)C3=C(OCC(F)F)C=CC=C3C(F)(F)F)N=C12
Nontoxic,CON=C(Cc1cccnc1)c1ccc(Cl)cc1Cl,Modeling,CON=C(CC1=CC=CN=C1)C1=CC=C(Cl)C=C1Cl
Nontoxic,CN(C)C(=S)SSC(=S)N(C)C,Modeling,CN(C)C(=S)SSC(=S)N(C)C
Toxic,Clc1ccc(C(c2ccc(Cl)cc2)C(Cl)(Cl)Cl)cc1,Modeling,ClC1=CC=C(C(C2=CC=C(Cl)C=C2)C(Cl)(Cl)Cl)C=C1
Toxic,CCc1nn(C)c(C(=O)NCc2ccc(C(C)(C)C)cc2)c1Cl,Modeling,CCC1=NN(C)C(C(=O)NCC2=CC=C(C(C)(C)C)C=C2)=C1Cl
Nontoxic,N#CC(CCc1ccc(Cl)cc1)(Cn1cncn1)c1ccccc1,Modeling,N#CC(CCC1=CC=C(Cl)C=C1)(CN1C=NC=N1)C1=CC=CC=C1
Nontoxic,CC1(C)CCC(=Cc2ccc(Cl)cc2)C1(O)Cn1cncn1,Modeling,CC1(C)CCC(=CC2=CC=C(Cl)C=C2)C1(O)CN1C=NC=N1
Nontoxic,CCO[PH](=O)O,Modeling,CCO[PH](=O)O
Toxic,CCOCCc1ccc(OCCNc2ncnc(CC)c2Cl)c(C)c1C,Modeling,CCOCCC1=CC=C(OCCNC2=NC=NC(CC)=C2Cl)C(C)=C1C
Toxic,CCOC(=O)C(Cl)Cc1cc(-n2nc(C)n(C(F)F)c2=O)c(F)cc1Cl,Modeling,CCOC(=O)C(Cl)CC1=CC(N2N=C(C)N(C(F)F)C2=O)=C(F)C=C1Cl
Nontoxic,CCCC(=NOCC)C1=C(O)CC(C2CCCSC2)CC1=O,Modeling,CCCC(=NOCC)C1=C(O)CC(C2CCCSC2)CC1=O
Toxic,CCOP(=S)(OCC)Oc1ccc(=O)n(-c2ccccc2)n1,Modeling,CCOP(=S)(OCC)OC1=NN(C2=CC=CC=C2)C(=O)C=C1
Toxic,CCSCCSP(=O)(OC)OC,Modeling,CCSCCSP(=O)(OC)OC
Nontoxic,CC1(C(=O)Nc2ccc(O)c(Cl)c2Cl)CCCCC1,Modeling,CC1(C(=O)NC2=CC=C(O)C(Cl)=C2Cl)CCCCC1
Nontoxic,CCCCC(O)(Cn1cncn1)c1ccc(Cl)cc1Cl,Modeling,CCCCC(O)(CN1C=NC=N1)C1=CC=C(Cl)C=C1Cl
Toxic,CCOP(=S)(CC)Sc1ccccc1,Modeling,CCOP(=S)(CC)SC1=CC=CC=C1
Nontoxic,N#Cc1cc(Br)c(O)c(Br)c1,Modeling,N#CC1=CC(Br)=C(O)C(Br)=C1
Nontoxic,O=C1OCc2c(Cl)c(Cl)c(Cl)c(Cl)c21,Modeling,O=C1OCC2=C(Cl)C(Cl)=C(Cl)C(Cl)=C12
Nontoxic,CC(C)CC(C)c1sccc1NC(=O)c1cn(C)nc1C(F)(F)F,Modeling,CC(C)CC(C)C1=C(NC(=O)C2=CN(C)N=C2C(F)(F)F)C=CS1
Nontoxic,CC(C)Oc1cc(-n2nc(C(C)(C)C)oc2=O)c(Cl)cc1Cl,Modeling,CC(C)OC1=CC(N2N=C(C(C)(C)C)OC2=O)=C(Cl)C=C1Cl
Toxic,CCCCN(CCCC)SN(C)C(=O)Oc1cccc2c1OC(C)(C)C2,Modeling,CCCCN(CCCC)SN(C)C(=O)OC1=CC=CC2=C1OC(C)(C)C2
Nontoxic,O=S(=O)(c1ccc(Cl)cc1)c1cc(Cl)c(Cl)cc1Cl,Modeling,O=S(=O)(C1=CC=C(Cl)C=C1)C1=CC(Cl)=C(Cl)C=C1Cl
Nontoxic,Cc1nn(C)c(C(OC(=O)C(C)(C)C)=C(C#N)c2ccc(C(C)(C)C)cc2)c1C,Modeling,CC1=NN(C)C(C(OC(=O)C(C)(C)C)=C(C#N)C2=CC=C(C(C)(C)C)C=C2)=C1C
Nontoxic,C=C1C(CCl)(CCl)C2(Cl)C(Cl)C(Cl)C1(Cl)C2(Cl)Cl,Modeling,C=C1C(CCl)(CCl)C2(Cl)C(Cl)C(Cl)C1(Cl)C2(Cl)Cl
Nontoxic,COC(=O)NC(=S)Nc1ccccc1NC(=S)NC(=O)OC,Modeling,COC(=O)NC(=S)NC1=CC=CC=C1NC(=S)NC(=O)OC
Nontoxic,CCSC(=O)N(CC(C)C)CC(C)C,Modeling,CCSC(=O)N(CC(C)C)CC(C)C
Toxic,CCOC(=O)C(SP(=S)(OC)OC)c1ccccc1,Modeling,CCOC(=O)C(SP(=S)(OC)OC)C1=CC=CC=C1
Nontoxic,COc1ccc(C(c2ccc(OC)cc2)C(Cl)(Cl)Cl)cc1,Modeling,COC1=CC=C(C(C2=CC=C(OC)C=C2)C(Cl)(Cl)Cl)C=C1
Nontoxic,CCc1cccc(C)c1N(C(=O)CCl)C(C)COC,Modeling,CCC1=CC=CC(C)=C1N(C(=O)CCl)C(C)COC
Nontoxic,CCCCCCCCCCCCNC(=N)N,Modeling,CCCCCCCCCCCCNC(=N)N
Nontoxic,Cc1cc(C)c(C2=C(OC(=O)CC(C)(C)C)C3(CCCC3)OC2=O)c(C)c1,Modeling,CC1=CC(C)=C(C2=C(OC(=O)CC(C)(C)C)C3(CCCC3)OC2=O)C(C)=C1
Nontoxic,FC(F)(F)c1cccc(OCCCOc2c(Cl)cc(OCC=C(Cl)Cl)cc2Cl)n1,Modeling,FC(F)(F)C1=CC=CC(OCCCOC2=C(Cl)C=C(OCC=C(Cl)Cl)C=C2Cl)=N1
Toxic,COC(=O)c1ccccc1N,Modeling,COC(=O)C1=CC=CC=C1N
Nontoxic,CCOP(=O)(O)C(N)=O,Modeling,CCOP(=O)(O)C(N)=O
Nontoxic,O=C1C2CC=CCC2C(=O)N1SC(Cl)(Cl)C(Cl)Cl,Modeling,O=C1C2CC=CCC2C(=O)N1SC(Cl)(Cl)C(Cl)Cl
Toxic,CCOC(=O)CCN(SN(C)C(=O)Oc1cccc2c1OC(C)(C)C2)C(C)C,Modeling,CCOC(=O)CCN(SN(C)C(=O)OC1=CC=CC2=C1OC(C)(C)C2)C(C)C
Nontoxic,OC(c1ccc(Cl)cc1)(c1ccc(Cl)cc1)C(Cl)(Cl)Cl,Modeling,OC(C1=CC=C(Cl)C=C1)(C1=CC=C(Cl)C=C1)C(Cl)(Cl)Cl
Nontoxic,C[As](C)(=O)O,Modeling,C[As](C)(=O)O
Toxic,CCCSP(=O)(OCC)Oc1ccc(Br)cc1Cl,Modeling,CCCSP(=O)(OCC)OC1=CC=C(Br)C=C1Cl
Nontoxic,[O-][n+]1nc(-n2ccnc2)nc2ccc(Cl)cc21,Modeling,[O-][N+]1=NC(N2C=CN=C2)=NC2=CC=C(Cl)C=C21
Nontoxic,CC(COc1ccc(Oc2ccccc2)cc1)Oc1ccccn1,Modeling,CC(COC1=CC=C(OC2=CC=CC=C2)C=C1)OC1=CC=CC=N1
Nontoxic,CCC(C)n1c(=O)[nH]c(C)c(Br)c1=O,Modeling,CCC(C)N1C(=O)NC(C)=C(Br)C1=O
Nontoxic,OC(c1ccc(F)cc1)(c1cncnc1)c1ccccc1Cl,Modeling,OC(C1=CC=C(F)C=C1)(C1=CN=CN=C1)C1=CC=CC=C1Cl
Nontoxic,O=C(Nc1ccccc1-c1ccc(Cl)cc1)c1cccnc1Cl,Modeling,O=C(NC1=CC=CC=C1C1=CC=C(Cl)C=C1)C1=CC=CN=C1Cl
Nontoxic,CC1COC(Cn2cncn2)(c2ccc(Oc3ccc(Cl)cc3)cc2Cl)O1,Modeling,CC1COC(CN2C=NC=N2)(C2=CC=C(OC3=CC=C(Cl)C=C3)C=C2Cl)O1
Nontoxic,CCOP(=S)(OCC)Oc1ccc2c(C)c(Cl)c(=O)oc2c1,Modeling,CCOP(=S)(OCC)OC1=CC=C2C(C)=C(Cl)C(=O)OC2=C1
Toxic,CC(C)=CC1C(C(=O)OCN2C(=O)C3=C(CCCC3)C2=O)C1(C)C,Modeling,CC(C)=CC1C(C(=O)OCN2C(=O)C3=C(CCCC3)C2=O)C1(C)C
Nontoxic,CCCCCCCCSC(=O)Oc1cc(Cl)nnc1-c1ccccc1,Modeling,CCCCCCCCSC(=O)OC1=CC(Cl)=NN=C1C1=CC=CC=C1
Nontoxic,CCCCC(CC)Cc1c(Cl)ccc(OOC(C)=O)c1Cl,Modeling,CCCCC(CC)CC1=C(Cl)C=CC(OOC(C)=O)=C1Cl
Nontoxic,CC(C)OC(=O)C(O)(c1ccc(Br)cc1)c1ccc(Br)cc1,Modeling,CC(C)OC(=O)C(O)(C1=CC=C(Br)C=C1)C1=CC=C(Br)C=C1
Nontoxic,FC(F)C(F)(F)OCC(Cn1cncn1)c1ccc(Cl)cc1Cl,Modeling,FC(F)C(F)(F)OCC(CN1C=NC=N1)C1=CC=C(Cl)C=C1Cl
Nontoxic,CSc1nc(NC(C)C)nc(NC(C)C)n1,Modeling,CSC1=NC(NC(C)C)=NC(NC(C)C)=N1
Nontoxic,CCC(C)(C)C(=O)OC1=C(c2cc(Cl)cc(Cl)c2)C(=O)OC12CCCCC2,Modeling,CCC(C)(C)C(=O)OC1=C(C2=CC(Cl)=CC(Cl)=C2)C(=O)OC12CCCCC2
Nontoxic,CON(C)C(=O)Nc1ccc(Cl)c(Cl)c1,Modeling,CON(C)C(=O)NC1=CC=C(Cl)C(Cl)=C1
Nontoxic,COC(=O)CC(NC(=O)C(NC(=O)OC(C)C)C(C)C)c1ccc(Cl)cc1,Modeling,COC(=O)CC(NC(=O)C(NC(=O)OC(C)C)C(C)C)C1=CC=C(Cl)C=C1
Nontoxic,CCCC(Cn1cncn1)c1ccc(Cl)cc1Cl,Modeling,CCCC(CN1C=NC=N1)C1=CC=C(Cl)C=C1Cl
Nontoxic,S=C(S)SS,Modeling,S=C(S)SS
Nontoxic,CC(Oc1ccc(Cl)cc1Cl)C(=O)O,Modeling,CC(OC1=CC=C(Cl)C=C1Cl)C(=O)O
Toxic,C=CC=CCC1=C(C)C(OC(=O)C2C(C=C(C)C(=O)OC)C2(C)C)CC1=O,Modeling,C=CC=CCC1=C(C)C(OC(=O)C2C(C=C(C)C(=O)OC)C2(C)C)CC1=O
Toxic,CC1(C)C(C(=O)OC(C#N)c2cccc(Oc3ccccc3)c2)C1C(Br)C(Br)(Br)Br,Modeling,CC1(C)C(C(=O)OC(C#N)C2=CC=CC(OC3=CC=CC=C3)=C2)C1C(Br)C(Br)(Br)Br
Nontoxic,Cc1cc(C)nc(Nc2ccccc2)n1,Modeling,CC1=CC(C)=NC(NC2=CC=CC=C2)=N1
Nontoxic,Cn1c(=O)on(-c2ccc(Cl)c(Cl)c2)c1=O,Modeling,CN1C(=O)ON(C2=CC=C(Cl)C(Cl)=C2)C1=O
Nontoxic,CON=C(C(=O)OC)c1ccccc1COc1ccccc1C,Modeling,CON=C(C(=O)OC)C1=CC=CC=C1COC1=CC=CC=C1C
Toxic,CCOCn1c(-c2ccc(Cl)cc2)c(C#N)c(Br)c1C(F)(F)F,Modeling,CCOCN1C(C2=CC=C(Cl)C=C2)=C(C#N)C(Br)=C1C(F)(F)F
Toxic,COc1cc(OC)nc(Oc2cccc(Oc3nc(OC)cc(OC)n3)c2C(=O)O)n1,Modeling,COC1=CC(OC)=NC(OC2=CC=CC(OC3=NC(OC)=CC(OC)=N3)=C2C(=O)O)=N1
Nontoxic,CN(C)C(=O)Nc1ccc(Cl)cc1,Modeling,CN(C)C(=O)NC1=CC=C(Cl)C=C1
Nontoxic,Cc1[nH]c(=O)n(C(C)(C)C)c(=O)c1Cl,Modeling,CC1=C(Cl)C(=O)N(C(C)(C)C)C(=O)N1
Nontoxic,OC(c1ccc(Cl)cc1)(c1cncnc1)c1ccccc1Cl,Modeling,OC(C1=CC=C(Cl)C=C1)(C1=CN=CN=C1)C1=CC=CC=C1Cl
Nontoxic,COC(=O)c1ccccc1S(=O)(=O)NC(=O)Nc1nc(C)cc(C)n1,Modeling,COC(=O)C1=CC=CC=C1S(=O)(=O)NC(=O)NC1=NC(C)=CC(C)=N1
Toxic,CCOP(=S)(OCC)Oc1cc(-c2ccccc2)on1,Modeling,CCOP(=S)(OCC)OC1=NOC(C2=CC=CC=C2)=C1
Nontoxic,CCOC(=O)C1CC(=O)C(=C(O)C2CC2)C(=O)C1,Modeling,CCOC(=O)C1CC(=O)C(=C(O)C2CC2)C(=O)C1
Nontoxic,CC(C)OP(=S)(OC(C)C)SCCNS(=O)(=O)c1ccccc1,Modeling,CC(C)OP(=S)(OC(C)C)SCCNS(=O)(=O)C1=CC=CC=C1
Nontoxic,CC1CCCCC1NC(=O)Nc1ccccc1,Modeling,CC1CCCCC1NC(=O)NC1=CC=CC=C1
Nontoxic,C[Si](Cn1cncn1)(c1ccc(F)cc1)c1ccc(F)cc1,Modeling,C[Si](CN1C=NC=N1)(C1=CC=C(F)C=C1)C1=CC=C(F)C=C1
Nontoxic,O=Cc1ccco1,Modeling,O=CC1=CC=CO1
Toxic,CNC(=O)c1cc(Cl)cc(C)c1NC(=O)c1cc(Br)nn1-c1ncccc1Cl,Modeling,CNC(=O)C1=CC(Cl)=CC(C)=C1NC(=O)C1=CC(Br)=NN1C1=NC=CC=C1Cl
Nontoxic,CC1C(c2ccc(Cl)cc2)SC(=O)N1C(=O)NC1CCCCC1,Modeling,CC1C(C2=CC=C(Cl)C=C2)SC(=O)N1C(=O)NC1CCCCC1
Toxic,CCNc1nc(NC(C)(C)C)nc(SC)n1,Modeling,CCNC1=NC(NC(C)(C)C)=NC(SC)=N1
Nontoxic,CC(C)c1nn(C(=O)NC(C)(C)C)c(=O)n1N,Modeling,CC(C)C1=NN(C(=O)NC(C)(C)C)C(=O)N1N
Nontoxic,CCCCOCCOCCOCc1cc2c(cc1CCC)OCO2,Modeling,CCCCOCCOCCOCC1=CC2=C(C=C1CCC)OCO2
Nontoxic,CCC(C)(NC(=O)c1cc(Cl)c(C)c(Cl)c1)C(=O)CCl,Modeling,CCC(C)(NC(=O)C1=CC(Cl)=C(C)C(Cl)=C1)C(=O)CCl
Nontoxic,C#CCOC(=O)C(C)Oc1ccc(Oc2ncc(Cl)cc2F)cc1,Modeling,C#CCOC(=O)C(C)OC1=CC=C(OC2=NC=C(Cl)C=C2F)C=C1
Nontoxic,CNC(=O)N(C)c1nnc(C(C)(C)C)s1,Modeling,CNC(=O)N(C)C1=NN=C(C(C)(C)C)S1
Nontoxic,CON=C(C(=O)OC)c1ccccc1CON=C(C)c1cccc(C(F)(F)F)c1,Modeling,CON=C(C(=O)OC)C1=CC=CC=C1CON=C(C)C1=CC=CC(C(F)(F)F)=C1
Nontoxic,COC=C(C(=O)OC)c1ccccc1Oc1cc(Oc2ccccc2C#N)ncn1,Modeling,COC=C(C(=O)OC)C1=CC=CC=C1OC1=CC(OC2=CC=CC=C2C#N)=NC=N1
Toxic,CCOP(=S)(OCC)SCn1c(=O)oc2cc(Cl)ccc21,Modeling,CCOP(=S)(OCC)SCN1C(=O)OC2=CC(Cl)=CC=C21
Nontoxic,CC#Cc1cc(C)nc(Nc2ccccc2)n1,Modeling,CC#CC1=CC(C)=NC(NC2=CC=CC=C2)=N1
Nontoxic,C#CCOc1ccc(CCNC(=O)C(OCC#C)c2ccc(Cl)cc2)cc1OC,Modeling,C#CCOC1=CC=C(CCNC(=O)C(OCC#C)C2=CC=C(Cl)C=C2)C=C1OC
Nontoxic,CCOC(=O)c1ccccc1S(=O)(=O)NC(=O)Nc1nc(Cl)cc(OC)n1,Modeling,CCOC(=O)C1=CC=CC=C1S(=O)(=O)NC(=O)NC1=NC(Cl)=CC(OC)=N1
Nontoxic,Fc1cccc(F)c1-c1nnc(-c2ccccc2Cl)nn1,Modeling,FC1=CC=CC(F)=C1C1=NN=C(C2=CC=CC=C2Cl)N=N1
Nontoxic,COc1c(Cl)ccc(Cl)c1C(=O)O,Modeling,COC1=C(Cl)C=CC(Cl)=C1C(=O)O
Toxic,CC(C)(C)c1ccc(CSc2cnn(C(C)(C)C)c(=O)c2Cl)cc1,Modeling,CC(C)(C)C1=CC=C(CSC2=C(Cl)C(=O)N(C(C)(C)C)N=C2)C=C1
Nontoxic,COC(=O)c1ccc(I)cc1S(=O)(=O)NC(=O)Nc1nc(C)nc(OC)n1,Modeling,COC(=O)C1=CC=C(I)C=C1S(=O)(=O)NC(=O)NC1=NC(C)=NC(OC)=N1
Toxic,C=CC=CCC1=C(C)C(OC(=O)C2C(C=C(C)OC(C)=O)C2(C)C)CC1=O,Modeling,C=CC=CCC1=C(C)C(OC(=O)C2C(C=C(C)OC(C)=O)C2(C)C)CC1=O
Nontoxic,CC(C)(C)C(O)C(Oc1ccc(Cl)cc1)n1cncn1,Modeling,CC(C)(C)C(O)C(OC1=CC=C(Cl)C=C1)N1C=NC=N1
Nontoxic,NC(N)=NCCCCCCCCNCCCCCCCCN=C(N)N,Modeling,NC(N)=NCCCCCCCCNCCCCCCCCN=C(N)N
Nontoxic,C1CCN2CCN3CCCCC3C2C1,Modeling,C1CCN2CCN3CCCCC3C2C1
Toxic,CCC1CCCC(OC2CCC(N(C)C)C(C)O2)C(C)C(=O)C2=CC3C(C=C(C)C4CC(OC5OC(C)C(OC)C(OC)C5OC)CC43)C2CC(=O)O1,Modeling,CCC1CCCC(OC2CCC(N(C)C)C(C)O2)C(C)C(=O)C2=CC3C(C=C(C)C4CC(OC5OC(C)C(OC)C(OC)C5OC)CC43)C2CC(=O)O1
Toxic,C=CC=CCC1=C(C)C(OC(=O)C2C(C=C(C)C)C2(C)C)CC1=O,Modeling,C=CC=CCC1=C(C)C(OC(=O)C2C(C=C(C)C)C2(C)C)CC1=O
Toxic,CCCC(=NOCC)C1=C(O)CC(CC(C)SCC)CC1=O,Modeling,CCCC(=NOCC)C1=C(O)CC(CC(C)SCC)CC1=O
Nontoxic,N#Cc1c[nH]cc1-c1cccc2c1OC(F)(F)O2,Modeling,N#CC1=CNC=C1C1=CC=CC2=C1OC(F)(F)O2
Nontoxic,Nc1nc(N)nc(NC2CC2)n1,Modeling,NC1=NC(N)=NC(NC2CC2)=N1
Nontoxic,CN(C)C(=O)Nc1ccc(Cl)c(Cl)c1,Modeling,CN(C)C(=O)NC1=CC=C(Cl)C(Cl)=C1
Nontoxic,CC1CCCCN1CCCOC(=O)c1ccc(Cl)c(Cl)c1,Modeling,CC1CCCCN1CCCOC(=O)C1=CC=C(Cl)C(Cl)=C1
Nontoxic,CC1(C)CN=C(NN=C(C=Cc2ccc(C(F)(F)F)cc2)C=Cc2ccc(C(F)(F)F)cc2)NC1,Modeling,CC1(C)CN=C(NN=C(C=CC2=CC=C(C(F)(F)F)C=C2)C=CC2=CC=C(C(F)(F)F)C=C2)NC1
Nontoxic,COCC(=O)N(c1c(C)cccc1C)C(C)C(=O)OC,Modeling,COCC(=O)N(C1=C(C)C=CC=C1C)C(C)C(=O)OC
Toxic,C#CCC1=C(C)C(OC(=O)C2C(C=C(C)C)C2(C)C)CC1=O,Modeling,C#CCC1=C(C)C(OC(=O)C2C(C=C(C)C)C2(C)C)CC1=O
Nontoxic,COC=C(C(=O)OC)c1ccccc1COc1cccc(C(F)(F)F)n1,Modeling,COC=C(C(=O)OC)C1=CC=CC=C1COC1=CC=CC(C(F)(F)F)=N1
Nontoxic,O=C(NC(=O)c1c(F)cccc1F)Nc1ccc(OC(F)(F)C(F)OC(F)(F)F)c(Cl)c1,Modeling,O=C(NC(=O)C1=C(F)C=CC=C1F)NC1=CC=C(OC(F)(F)C(F)OC(F)(F)F)C(Cl)=C1
Nontoxic,CCC(C)(CC)c1cc(NC(=O)c2c(OC)cccc2OC)on1,Modeling,CCC(C)(CC)C1=NOC(NC(=O)C2=C(OC)C=CC=C2OC)=C1
Nontoxic,Cc1c(Cl)cc(-c2ccc(=O)[nH]n2)cc1Cl,Modeling,CC1=C(Cl)C=C(C2=NNC(=O)C=C2)C=C1Cl
Nontoxic,Cc1ccc(N=CN(C)C=Nc2ccc(C)cc2C)c(C)c1,Modeling,CC1=CC=C(N=CN(C)C=NC2=CC=C(C)C=C2C)C(C)=C1
Nontoxic,COC(=O)c1c(Cl)nn(C)c1S(=O)(=O)NC(=O)Nc1nc(OC)cc(OC)n1,External,COC(=O)C1=C(S(=O)(=O)NC(=O)NC2=NC(OC)=CC(OC)=N2)N(C)N=C1Cl
Toxic,CCOP(=S)(OCC)OC(Cl)C(Cl)(Cl)Cl,External,CCOP(=S)(OCC)OC(Cl)C(Cl)(Cl)Cl
Toxic,CC(C)C(C(=O)OC(C#N)c1cccc(Oc2ccccc2)c1)c1ccc(Cl)cc1,External,CC(C)C(C(=O)OC(C#N)C1=CC=CC(OC2=CC=CC=C2)=C1)C1=CC=C(Cl)C=C1
Nontoxic,CN(C)C(CSS(=O)(=O)c1ccccc1)CSS(=O)(=O)c1ccccc1,External,CN(C)C(CSS(=O)(=O)C1=CC=CC=C1)CSS(=O)(=O)C1=CC=CC=C1
Nontoxic,CCCCC(C#N)(Cn1cncn1)c1ccc(Cl)cc1,External,CCCCC(C#N)(CN1C=NC=N1)C1=CC=C(Cl)C=C1
Nontoxic,Nc1cc(Cl)nc(C(=O)O)c1Cl,External,NC1=CC(Cl)=NC(C(=O)O)=C1Cl
Toxic,CNC(=O)Oc1cc(C)c(SC)c(C)c1,External,CNC(=O)OC1=CC(C)=C(SC)C(C)=C1
Toxic,COP(=S)(OC)SCn1nnc2ccccc2c1=O,External,COP(=S)(OC)SCN1N=NC2=CC=CC=C2C1=O
Nontoxic,CC(C)(C)C(O)C(Oc1ccc(-c2ccccc2)cc1)n1cncn1,External,CC(C)(C)C(O)C(OC1=CC=C(C2=CC=CC=C2)C=C1)N1C=NC=N1
Nontoxic,CCCCCCCCCCCCC1=C(OC(C)=O)C(=O)c2ccccc2C1=O,External,CCCCCCCCCCCCC1=C(OC(C)=O)C(=O)C2=CC=CC=C2C1=O
Nontoxic,CC1=NNC(=O)N(N=Cc2cccnc2)C1,External,CC1=NNC(=O)N(N=CC2=CC=CN=C2)C1
Nontoxic,CCOC(=O)CSc1nc(C(C)(C)C)nn1C(=O)N(C)C,External,CCOC(=O)CSC1=NC(C(C)(C)C)=NN1C(=O)N(C)C
Toxic,CCOP(=S)(Oc1ccc([N+](=O)[O-])cc1)c1ccccc1,External,CCOP(=S)(OC1=CC=C([N+](=O)[O-])C=C1)C1=CC=CC=C1
Toxic,Cc1c(F)c(F)c(COC(=O)C2C(C=C(Cl)C(F)(F)F)C2(C)C)c(F)c1F,External,CC1=C(F)C(F)=C(COC(=O)C2C(C=C(Cl)C(F)(F)F)C2(C)C)C(F)=C1F
Nontoxic,COc1cc(OC)nc(NC(=O)NS(=O)(=O)c2ncccc2C(F)(F)F)n1,External,COC1=CC(OC)=NC(NC(=O)NS(=O)(=O)C2=NC=CC=C2C(F)(F)F)=N1
Nontoxic,COc1ccc(C(O)(c2cncnc2)C2CC2)cc1,External,COC1=CC=C(C(O)(C2=CN=CN=C2)C2CC2)C=C1
Nontoxic,N#Cc1c(Cl)c(Cl)c(Cl)c(C#N)c1Cl,External,N#CC1=C(Cl)C(Cl)=C(Cl)C(C#N)=C1Cl
Nontoxic,O=C(NC(=O)c1ccccc1Cl)Nc1ccc(OC(F)(F)F)cc1,External,O=C(NC(=O)C1=CC=CC=C1Cl)NC1=CC=C(OC(F)(F)F)C=C1
Nontoxic,Cc1nc(C(F)(F)F)c(C(=O)Nc2c(Br)cc(OC(F)(F)F)cc2Br)s1,External,CC1=NC(C(F)(F)F)=C(C(=O)NC2=C(Br)C=C(OC(F)(F)F)C=C2Br)S1
Nontoxic,O=C(NC(=O)c1c(F)cccc1F)Nc1cc(Cl)c(OC(F)(F)C(F)C(F)(F)F)c(Cl)c1F,External,O=C(NC(=O)C1=C(F)C=CC=C1F)NC1=CC(Cl)=C(OC(F)(F)C(F)C(F)(F)F)C(Cl)=C1F
Nontoxic,CC(C)OC(=O)NC(C(=O)NC(C)c1nc2ccc(F)cc2s1)C(C)C,External,CC(C)OC(=O)NC(C(=O)NC(C)C1=NC2=CC=C(F)C=C2S1)C(C)C
Nontoxic,CNC(=O)ON=CC(C)(C)S(C)(=O)=O,External,CNC(=O)ON=CC(C)(C)S(C)(=O)=O
Toxic,CC(C)(COCc1cccc(Oc2ccccc2)c1)c1ccc(OC(F)(F)Br)cc1,External,CC(C)(COCC1=CC=CC(OC2=CC=CC=C2)=C1)C1=CC=C(OC(F)(F)Br)C=C1
Toxic,CNC(=O)Oc1cccc2c1OC(C)(C)C2,External,CNC(=O)OC1=CC=CC2=C1OC(C)(C)C2
Nontoxic,Fc1ccc(C2(Cn3cncn3)OC2c2ccccc2Cl)cc1,External,FC1=CC=C(C2(CN3C=NC=N3)OC2C2=CC=CC=C2Cl)C=C1
Toxic,CC(C)(C)c1ccc(CCOc2ncnc3ccccc23)cc1,External,CC(C)(C)C1=CC=C(CCOC2=NC=NC3=CC=CC=C23)C=C1
Nontoxic,Cc1cc(C2CC2)nc(Nc2ccccc2)n1,External,CC1=CC(C2CC2)=NC(NC2=CC=CC=C2)=N1
Toxic,CCOP(=S)(OCC)Oc1nc(Cl)c(Cl)cc1Cl,External,CCOP(=S)(OCC)OC1=NC(Cl)=C(Cl)C=C1Cl
Nontoxic,CNC(=O)C(=NOC)c1ccccc1CON=C(C)C(=NOC)C(C)=NOC,External,CNC(=O)C(=NOC)C1=CC=CC=C1CON=C(C)C(=NOC)C(C)=NOC
Nontoxic,O=[N+]([O-])c1c(Cl)c(Cl)c(Cl)c(Cl)c1Cl,External,O=[N+]([O-])C1=C(Cl)C(Cl)=C(Cl)C(Cl)=C1Cl
Nontoxic,CC(C)C(O)(c1ccc(OC(F)(F)F)cc1)c1cncnc1,External,CC(C)C(O)(C1=CC=C(OC(F)(F)F)C=C1)C1=CN=CN=C1
Toxic,O=[N+]([O-])NC1=NCCN1Cc1ccc(Cl)nc1,External,O=[N+]([O-])NC1=NCCN1CC1=CC=C(Cl)N=C1
Toxic,CNC(=N[N+](=O)[O-])NCc1cnc(Cl)s1,External,CNC(=N[N+](=O)[O-])NCC1=CN=C(Cl)S1
Nontoxic,CCCCOCCOC(=O)COc1nc(Cl)c(Cl)cc1Cl,External,CCCCOCCOC(=O)COC1=NC(Cl)=C(Cl)C=C1Cl
Nontoxic,COCCOc1cccc2c1c(=O)c(C(=O)O)nn2-c1ccc(Cl)cc1,External,COCCOC1=CC=CC2=C1C(=O)C(C(=O)O)=NN2C1=CC=C(Cl)C=C1
Toxic,COC(=O)N(C(=O)N1COC2(C(=O)OC)Cc3cc(Cl)ccc3C2=N1)c1ccc(OC(F)(F)F)cc1,External,COC(=O)N(C(=O)N1COC2(C(=O)OC)CC3=CC(Cl)=CC=C3C2=N1)C1=CC=C(OC(F)(F)F)C=C1
Nontoxic,CN(C)C(=O)C(c1ccccc1)c1ccccc1,External,CN(C)C(=O)C(C1=CC=CC=C1)C1=CC=CC=C1
Nontoxic,Nc1cnn(-c2ccccc2)c(=O)c1Cl,External,NC1=C(Cl)C(=O)N(C2=CC=CC=C2)N=C1
Nontoxic,CCOC(=O)OC1=C(c2cc(C)ccc2C)C(=O)NC12CCC(OC)CC2,External,CCOC(=O)OC1=C(C2=CC(C)=CC=C2C)C(=O)NC12CCC(OC)CC2
Nontoxic,Cc1ccccc1C(=O)Nc1cccc(OC(C)C)c1,External,CC1=CC=CC=C1C(=O)NC1=CC=CC(OC(C)C)=C1
Toxic,CC1(C)C(C=C(Br)Br)C1C(=O)OC(C#N)c1cccc(Oc2ccccc2)c1,External,CC1(C)C(C=C(Br)Br)C1C(=O)OC(C#N)C1=CC=CC(OC2=CC=CC=C2)=C1
Nontoxic,CNC(=O)C(=NOC)c1ccccc1Oc1ccccc1,External,CNC(=O)C(=NOC)C1=CC=CC=C1OC1=CC=CC=C1
Nontoxic,N#Cc1c(Cl)cccc1Cl,External,N#CC1=C(Cl)C=CC=C1Cl
Nontoxic,COC(C)(C)CCCC(C)CC=CC(C)=CC(=O)OC(C)C,External,COC(C)(C)CCCC(C)CC=CC(C)=CC(=O)OC(C)C
Toxic,CCOP(=O)(NC(C)C)Oc1ccc(SC)c(C)c1,External,CCOP(=O)(NC(C)C)OC1=CC=C(SC)C(C)=C1
Nontoxic,O=C1C(Cl)=C(Cl)C(=O)N1c1ccc(F)cc1,External,O=C1C(Cl)=C(Cl)C(=O)N1C1=CC=C(F)C=C1
Toxic,COP(=S)(OC)SCN1C(=O)c2ccccc2C1=O,External,COP(=S)(OC)SCN1C(=O)C2=CC=CC=C2C1=O
Nontoxic,CCCCOCCOC(=O)C(C)Oc1ccc(Cl)cc1Cl,External,CCCCOCCOC(=O)C(C)OC1=CC=C(Cl)C=C1Cl
Nontoxic,CCCCC(CC)COC(=O)c1nc(Cl)c(Cl)c(N)c1Cl,External,CCCCC(CC)COC(=O)C1=NC(Cl)=C(Cl)C(N)=C1Cl
Toxic,CS(=O)(=O)c1cc(C(F)(F)F)ccc1C(=O)c1cnoc1C1CC1,External,CS(=O)(=O)C1=CC(C(F)(F)F)=CC=C1C(=O)C1=C(C2CC2)ON=C1
Nontoxic,CCCOc1nn(C(O)=NS(=O)(=O)c2ccccc2C(=O)OC)c(=O)n1C,External,CCCOC1=NN(C(O)=NS(=O)(=O)C2=CC=CC=C2C(=O)OC)C(=O)N1C
Nontoxic,COCC(C)N(C(=O)CCl)c1c(C)csc1C,External,COCC(C)N(C(=O)CCl)C1=C(C)SC=C1C
Nontoxic,Cc1ccc(N(SC(F)(Cl)Cl)S(=O)(=O)N(C)C)cc1,External,CC1=CC=C(N(SC(F)(Cl)Cl)S(=O)(=O)N(C)C)C=C1
Nontoxic,CC1=C(C(=O)Nc2ccccc2)S(=O)(=O)CCO1,External,CC1=C(C(=O)NC2=CC=CC=C2)S(=O)(=O)CCO1
Toxic,CCOC(=O)C(C)Oc1ccc(Oc2nc3ccc(Cl)cc3o2)cc1,External,CCOC(=O)C(C)OC1=CC=C(OC2=NC3=CC=C(Cl)C=C3O2)C=C1
Nontoxic,COCCOC(=O)C(C#N)(C(=O)c1ccccc1C(F)(F)F)c1ccc(C(C)(C)C)cc1,External,COCCOC(=O)C(C#N)(C(=O)C1=CC=CC=C1C(F)(F)F)C1=CC=C(C(C)(C)C)C=C1
Nontoxic,CCNC(=O)NC(=O)C(C#N)=NOC,External,CCNC(=O)NC(=O)C(C#N)=NOC
Toxic,CCOP(=S)(OCC)Oc1cnc2ccccc2n1,External,CCOP(=S)(OCC)OC1=CN=C2C=CC=CC2=N1
Nontoxic,CCc1ccc(C(=O)NN(C(=O)c2cc(C)cc(C)c2)C(C)(C)C)cc1,External,CCC1=CC=C(C(=O)NN(C(=O)C2=CC(C)=CC(C)=C2)C(C)(C)C)C=C1
Nontoxic,Clc1ccc(C2(Cn3cncn3)CC(Br)CO2)c(Cl)c1,External,ClC1=CC=C(C2(CN3C=NC=N3)CC(Br)CO2)C(Cl)=C1
Nontoxic,COC(=O)C(C)N(C(=O)Cc1ccccc1)c1c(C)cccc1C,External,COC(=O)C(C)N(C(=O)CC1=CC=CC=C1)C1=C(C)C=CC=C1C
Nontoxic,O=[N+]([O-])c1ccc(NS(=O)(=O)c2ccc(Cl)c(C(F)(F)F)c2)c(Cl)c1,External,O=[N+]([O-])C1=CC=C(NS(=O)(=O)C2=CC=C(Cl)C(C(F)(F)F)=C2)C(Cl)=C1
Toxic,CC(C)C(Nc1ccc(C(F)(F)F)cc1Cl)C(=O)OC(C#N)c1cccc(Oc2ccccc2)c1,External,CC(C)C(NC1=CC=C(C(F)(F)F)C=C1Cl)C(=O)OC(C#N)C1=CC=CC(OC2=CC=CC=C2)=C1
Toxic,ClC1=C(Cl)C2(Cl)C3C4CC(C5OC45)C3C1(Cl)C2(Cl)Cl,External,ClC1=C(Cl)C2(Cl)C3C4CC(C5OC45)C3C1(Cl)C2(Cl)Cl
Toxic,CC(C)=CC1C(C(=O)OCc2cccc(Oc3ccccc3)c2)C1(C)C,External,CC(C)=CC1C(C(=O)OCC2=CC=CC(OC3=CC=CC=C3)=C2)C1(C)C
Toxic,CCOP(=S)(OCC)Oc1ccc([N+](=O)[O-])cc1,External,CCOP(=S)(OCC)OC1=CC=C([N+](=O)[O-])C=C1
Nontoxic,COc1cc(OC)n2nc(S(=O)(=O)Nc3c(Cl)ccc(C)c3Cl)nc2n1,External,COC1=NC2=NC(S(=O)(=O)NC3=C(Cl)C=CC(C)=C3Cl)=NN2C(OC)=C1
Nontoxic,O=C(NC(=O)c1c(F)cccc1F)Nc1cc(Cl)c(OC(F)(F)C(F)F)c(Cl)c1,External,O=C(NC(=O)C1=C(F)C=CC=C1F)NC1=CC(Cl)=C(OC(F)(F)C(F)F)C(Cl)=C1
Nontoxic,CC1(c2ccc(Oc3ccccc3)cc2)OC(=O)N(Nc2ccccc2)C1=O,External,CC1(C2=CC=C(OC3=CC=CC=C3)C=C2)OC(=O)N(NC2=CC=CC=C2)C1=O
Nontoxic,COc1cc(C)c(C(=O)c2c(OC)ccc(Br)c2C)c(OC)c1OC,External,COC1=CC(C)=C(C(=O)C2=C(OC)C=CC(Br)=C2C)C(OC)=C1OC
Nontoxic,c1coc(-c2nc3ccccc3[nH]2)c1,External,C1=COC(C2=NC3=CC=CC=C3N2)=C1
Nontoxic,Clc1nc(Cl)nc(Nc2ccccc2Cl)n1,External,ClC1=NC(Cl)=NC(NC2=CC=CC=C2Cl)=N1
Nontoxic,C=CC1(C)OC(=O)N(c2cc(Cl)cc(Cl)c2)C1=O,External,C=CC1(C)OC(=O)N(C2=CC(Cl)=CC(Cl)=C2)C1=O
Nontoxic,CC(Cl)(Cl)C(=O)O,External,CC(Cl)(Cl)C(=O)O
Nontoxic,CC#CCOC(C)c1ccc(OC)c(OC)c1,External,CC#CCOC(C)C1=CC=C(OC)C(OC)=C1
Nontoxic,C#CCOC(=O)C=C(C)C=CCC(C)CCCC(C)C,External,C#CCOC(=O)C=C(C)C=CCC(C)CCCC(C)C
Nontoxic,O=C(Nc1ccc(F)cc1F)c1cccnc1Oc1cccc(C(F)(F)F)c1,External,O=C(NC1=CC=C(F)C=C1F)C1=CC=CN=C1OC1=CC=CC(C(F)(F)F)=C1
