"mol","pLD50"
"[O-][N+](=O)N(C1=NC([H])([H])C([H])([H])N1C(C1=C([H])C([H])=C(Cl)N=C1[H])([H])[H])[H]",7.83842752399474
"C(N1C([H])([H])OC([H])([H])N(C(C2=C([H])N=C(Cl)S2)([H])[H])C1=N[N+]([O-])=O)([H])([H])[H]",7.76495176930134
"C(C(C(C([H])([H])[H])(C1(OC2(C([H])([H])C3(C([H])([H])C(C(C(=C(C([H])([H])[H])C(OC4(C([H])([H])C(OC([H])([H])[H])([H])C(OC5(C([H])([H])C(OC([H])([H])[H])([H])C(O[H])([H])C(C([H])([H])[H])([H])O5)[H])([H])C(C([H])([H])[H])([H])O4)[H])(C(C([H])([H])[H])(C(=C(C(=C4C([H])([H])OC5(C(O[H])(C(C([H])([H])[H])=C(C(C(=O)O3)([H])C45O[H])[H])[H])[H])[H])[H])[H])[H])[H])[H])([H])[H])([H])O2)[H])C([H])=C([H])C1(C([H])([H])[H])[H])[H])[H])([H])[H])([H])([H])[H]",8.14142100711866
"C(N(C(N(C(C1=C([H])N=C(Cl)S1)([H])[H])[H])=N[N+]([O-])=O)[H])([H])([H])[H]",7.49858747010587
"C(C1(C([H])([H])[H])C(C(=C(Br)Br)[H])([H])C1(C(=O)OC(C#N)(C1=C([H])C([H])=C([H])C(OC2=C([H])C([H])=C([H])C([H])=C2[H])=C1[H])[H])[H])([H])([H])[H]",7.66015213201589
"C(OC(=O)C(=C(C([H])([H])[H])OP(=O)(OC([H])([H])[H])OC([H])([H])[H])[H])([H])([H])[H]",6.91897144315782
"C(N=C(N(C(C1(C([H])([H])C([H])([H])OC1([H])[H])[H])([H])[H])[H])N([N+]([O-])=O)[H])([H])([H])[H]",6.70352048392774
"C(N(C(C1=C([H])C([H])=C(Cl)N=C1[H])([H])[H])C(C([H])([H])[H])=NC#N)([H])([H])[H]",6.07002265949701
"ClC1=C([H])C([H])=C(C(N2C([H])([H])C([H])([H])SC2=NC#N)([H])[H])C([H])=N1",6.2491529440072
"C(C(C([H])([H])[H])=C(C1(C(C(=O)OC(C2=C([H])OC(C(C3=C([H])C([H])=C([H])C([H])=C3[H])([H])[H])=C2[H])([H])[H])([H])C1(C([H])([H])[H])C([H])([H])[H])[H])[H])([H])([H])[H]",8.22812844772309
"C(OC(=O)C(C([H])([H])[H])=C(C1(C(C(=O)OC2(C([H])([H])C(=O)C(C(C(=C(C(=C([H])[H])[H])[H])[H])([H])[H])=C2C([H])([H])[H])[H])([H])C1(C([H])([H])[H])C([H])([H])[H])[H])[H])([H])([H])[H]",7.22834630653252
"C(C(OC1=C([H])C([H])=C(C(C([H])([H])[H])(C([H])([H])[H])C(OC(C2=C([H])C(OC3=C([H])C([H])=C([H])C([H])=C3[H])=C([H])C([H])=C2[H])([H])[H])([H])[H])C([H])=C1[H])([H])[H])([H])([H])[H]",7.19521198796044
"C(C(OP(=S)(OC(C([H])([H])[H])([H])[H])OC1=C([H])C([H])=C(N(=O)=O)C([H])=C1[H])([H])[H])([H])([H])[H]",6.86188228978851
"C(N(C(=O)C(SP(=O)(OC([H])([H])[H])OC([H])([H])[H])([H])[H])[H])([H])([H])[H]",6.62945540250924
"C(C(=O)OC(C([H])([H])[H])=C(C1(C(C(=O)OC2(C([H])([H])C(=O)C(C(C(=C(C(=C([H])[H])[H])[H])[H])([H])[H])=C2C([H])([H])[H])[H])([H])C1(C([H])([H])[H])C([H])([H])[H])[H])[H])([H])([H])[H]",6.81489413168223
"C(C(C1(C([H])([H])C([H])([H])C([H])([H])C(OC2(C([H])([H])C([H])([H])C(N(C([H])([H])[H])C([H])([H])[H])([H])C(C([H])([H])[H])([H])O2)[H])([H])C(C([H])([H])[H])([H])C(=O)C2=C(C3(C4(C(C(C([H])([H])C4([H])C(C([H])([H])[H])=C([H])C3([H])C2([H])C([H])([H])C(=O)O1)(OC1(OC(C([H])([H])[H])([H])C(OC([H])([H])[H])([H])C(OC([H])([H])[H])([H])C1(OC([H])([H])[H])[H])[H])[H])([H])[H])[H])[H])[H])[H])([H])[H])([H])([H])[H]",7.11655910031946
"C(N(C(=O)OC1=C([H])C(C([H])([H])[H])=C([H])C(C([H])([H])[H])=C1[H])[H])([H])([H])[H]",6.275358955546
"C(C(OC(=O)C(=C(C([H])([H])[H])C(=C(C(C(C([H])([H])[H])(C(C(C(C(C([H])([H])[H])(C([H])([H])[H])[H])([H])[H])([H])[H])([H])[H])[H])([H])[H])[H])[H])[H])([H])[H])([H])([H])[H]",6.42524815088472
"C(OP(=O)(OC([H])([H])[H])SC(N1C(=O)OC2=C1N=C(C(Cl)=C2[H])[H])([H])[H])([H])([H])[H]",6.51050969785499
"C(C(C([H])([H])[H])=C(C1(C(C(=O)OC2(C([H])([H])C(=O)C(C(C(=C(C(=C([H])[H])[H])[H])[H])([H])[H])=C2C([H])([H])[H])[H])([H])C1(C([H])([H])[H])C([H])([H])[H])[H])[H])([H])([H])[H]",6.51614366430554
"C(OP(=S)(OC([H])([H])[H])OC1=NC(Cl)=C(Cl)C([H])=C1Cl)([H])([H])[H]",6.46497024307787
"C(C1(C([H])([H])[H])C(C(=C(C(=O)OC(C(F)(F)F)(C(F)(F)F)[H])[H])[H])([H])C1(C(=O)OC(C#N)(C1=C([H])C(OC2=C([H])C([H])=C([H])C([H])=C2[H])=C([H])C([H])=C1[H])[H])[H])([H])([H])[H]",6.65412228545613
"C(OP(=O)(OC([H])([H])[H])OC(C([H])([H])[H])=C(C(=O)N(C([H])([H])[H])C([H])([H])[H])[H])([H])([H])[H]",6.26094535486306
"C(C1(C([H])([H])[H])C(C(=C(Cl)Cl)[H])([H])C1(C(=O)OC(C1=C([H])C(OC2=C([H])C([H])=C([H])C([H])=C2[H])=C([H])C([H])=C1[H])([H])[H])[H])([H])([H])[H]",6.47720916245943
"C(N(C(=O)OC1=C2C(=C(C(=C([H])C2=C([H])C([H])=C1[H])[H])[H])[H])[H])([H])([H])[H]",6.12727541144811
"C(C(C([H])([H])[H])=C(C1(C(C(=O)OC(C2=C([H])C(OC3=C([H])C([H])=C([H])C([H])=C3[H])=C([H])C([H])=C2[H])([H])[H])([H])C1(C([H])([H])[H])C([H])([H])[H])[H])[H])([H])([H])[H]",6.3401815186959
"C(C1(C([H])([H])[H])C(C(=C(Cl)C(F)(F)F)[H])([H])C1(C(=O)OC(C#N)(C1=C([H])C(OC2=C([H])C([H])=C([H])C([H])=C2[H])=C([H])C([H])=C1[H])[H])[H])([H])([H])[H]",6.39707108744371
"C(OP(N([H])[H])(=O)SC([H])([H])[H])([H])([H])[H]",5.84819323237721
"C(OC(C([H])([H])[H])(C([H])([H])[H])C(C(C(C(C([H])([H])[H])(C(C(=C(C(C([H])([H])[H])=C(C(=O)OC(C([H])([H])[H])(C([H])([H])[H])[H])[H])[H])[H])([H])[H])[H])([H])[H])([H])[H])([H])[H])([H])([H])[H]",6.19068290729031
"C1(=C(C([H])([H])[H])N=C(C(C([H])([H])[H])(C([H])([H])[H])[H])N=C1OP(=S)(OC(C([H])([H])[H])([H])[H])OC(C([H])([H])[H])([H])[H])[H]",6.16079862517599
"C1(=C(C([H])([H])[H])N=C(N(C(C([H])([H])[H])([H])[H])C(C([H])([H])[H])([H])[H])N=C1OP(=S)(OC([H])([H])[H])OC([H])([H])[H])[H]",6.14201425878622
"C(C(OP(=S)(OC(C([H])([H])[H])([H])[H])OC1=C([H])C(C([H])([H])[H])=NC(N(C(C([H])([H])[H])([H])[H])C(C([H])([H])[H])([H])[H])=N1)([H])[H])([H])([H])[H]",6.18018793418334
"C(OP(=O)(N(C(C([H])([H])[H])=O)[H])SC([H])([H])[H])([H])([H])[H]",5.90075149572411
"C(N(C(=O)ON=C(C([H])([H])[H])SC([H])([H])[H])[H])([H])([H])[H]",5.82942787367312
"C(OP(=O)(OC([H])([H])[H])OC(=C(Cl)Cl)[H])([H])([H])[H]",5.87991787419903
"C(OP(=S)(OC([H])([H])[H])SC(N1C(=O)C2=C(C(=C(C([H])=C2C1=O)[H])[H])[H])([H])[H])([H])([H])[H]",5.93285005300579
"C(N(C(=O)ON=C(SC([H])([H])[H])C(=O)N(C([H])([H])[H])C([H])([H])[H])[H])([H])([H])[H]",5.76079487544069
"C(C(C1(OC2(C([H])([H])C3(C([H])([H])C(C(C(=C(C([H])([H])[H])C(C(C([H])([H])[H])(C(=C(C(=C4C([H])([H])OC5(C(O[H])(C(C([H])([H])[H])=C(C(C(=O)O3)([H])C45O[H])[H])[H])[H])[H])[H])[H])[H])([H])[H])[H])([H])[H])([H])O2)[H])C([H])([H])C([H])([H])C1(C([H])([H])[H])[H])[H])([H])[H])([H])([H])[H]",6.10079065187759
"C(C(OP(=S)(OC(C([H])([H])[H])([H])[H])SC(SC(C([H])([H])[H])([H])[H])([H])[H])([H])[H])([H])([H])[H]",5.77154210073942
"C(C(OP(=O)(N(C(C([H])([H])[H])(C([H])([H])[H])[H])[H])OC1=C([H])C(C([H])([H])[H])=C(SC([H])([H])[H])C([H])=C1[H])([H])[H])([H])([H])[H]",5.82838173470852
"C(N(C(=O)OC1=C([H])C(C([H])([H])[H])=C(SC([H])([H])[H])C(C([H])([H])[H])=C1[H])[H])([H])([H])[H]",5.68024358233468
"C(C(OC1=C([H])C([H])=C([Si](C([H])([H])[H])(C([H])([H])[H])C(C(C(C2=C([H])C([H])=C(F)C(OC3=C([H])C([H])=C([H])C([H])=C3[H])=C2[H])([H])[H])([H])[H])([H])[H])C([H])=C1[H])([H])[H])([H])([H])[H]",5.91189457490301
"C(N(C(=O)OC1=C([H])C([H])=C([H])C2=C1OC(C([H])([H])[H])(C([H])([H])[H])O2)[H])([H])([H])[H]",5.63246597077666
"C(OP(=O)(OC([H])([H])[H])OC1=C(Cl)C2(C(=C(C([H])([H])C12[H])[H])[H])[H])([H])([H])[H]",5.67369223384339
"C(C(OP(=O)(OC(C([H])([H])[H])([H])[H])OC(=C(Cl)[H])C1=C(Cl)C([H])=C(Cl)C([H])=C1[H])([H])[H])([H])([H])[H]",5.81348337032011
"C(C(C([H])([H])[H])(C([H])([H])[H])N1N=C([H])C(SC(C2=C([H])C([H])=C(C(C([H])([H])[H])(C([H])([H])[H])C([H])([H])[H])C([H])=C2[H])([H])[H])=C(Cl)C1=O)([H])([H])[H]",5.8209028504225
"C(C(SC(C(SP(=S)(OC([H])([H])[H])OC([H])([H])[H])([H])[H])([H])[H])([H])[H])([H])([H])[H]",5.64274210042338
"C(C(OP(=O)(SC(C([H])([H])[H])(C(C([H])([H])[H])([H])[H])[H])N1C([H])([H])C([H])([H])SC1=O)([H])[H])([H])([H])[H]",5.66652806456725
"C(C(OC(C(C1=C([H])C([H])=C(OC(C(N(C2=NC([H])=NC(C(C([H])([H])[H])([H])[H])=C2Cl)[H])([H])[H])([H])[H])C(C([H])([H])[H])=C1C([H])([H])[H])([H])[H])([H])[H])([H])[H])([H])([H])[H]",5.77037674763728
"C(C(SC(C(SP(=O)(OC([H])([H])[H])OC([H])([H])[H])([H])[H])([H])[H])([H])[H])([H])([H])[H]",5.5356908397815
"C(OC1=C([H])C2=C(C3(C(C(O2)([H])[H])([H])OC2=C(C(=C(C4=C2C([H])([H])C(C(C([H])([H])[H])=C([H])[H])([H])O4)[H])[H])C3=O)[H])C([H])=C1OC([H])([H])[H])([H])([H])[H]",5.67657422521613
"C(C(C(C(N(C(C(C(C([H])([H])[H])([H])[H])([H])[H])([H])[H])SN(C([H])([H])[H])C(=O)OC1=C([H])C([H])=C([H])C2=C1OC(C([H])([H])[H])(C([H])([H])[H])C2([H])[H])([H])[H])([H])[H])([H])[H])([H])([H])[H]",5.53863469238719
"C(N(C(=O)OC1=C([H])C([H])=C([H])C(N=C(N(C([H])([H])[H])C([H])([H])[H])[H])=C1[H])[H])([H])([H])[H]",5.26543976142865
"N(C1=NC(N(C(C([H])([H])[H])(C([H])([H])[H])C([H])([H])[H])[H])=NC(SC([H])([H])[H])=N1)(C(C([H])([H])[H])([H])[H])[H]",5.29590243183401
"FC1=C([H])C([H])=C([H])C(F)=C1C(=O)N(C(=O)N(C1=C([H])C([H])=C(Cl)C([H])=C1[H])[H])[H]",5.32705375249114
"C(C1(C([H])([H])C([H])([H])C([H])([H])C([H])([H])C1([H])[H])C(=O)N(C1=C(Cl)C(Cl)=C(O[H])C([H])=C1[H])[H])([H])([H])[H]",5.24820937832442
"C(C(C1=NN(C([H])([H])[H])C(C(=O)N(C(C2=C([H])C([H])=C(C(C([H])([H])[H])(C([H])([H])[H])C([H])([H])[H])C([H])=C2[H])([H])[H])[H])=C1Cl)([H])[H])([H])([H])[H]",5.26738137821031
"C(C1=C(F)C(F)=C(C(OC(=O)C2(C(C(=C(Cl)C(F)(F)F)[H])([H])C2(C([H])([H])[H])C([H])([H])[H])[H])([H])[H])C(F)=C1F)([H])([H])[H]",5.34248195580016
"C(C(C([H])([H])[H])(C1=C([H])C(OC2=C([H])C([H])=C([H])C([H])=C2[H])=C([H])C(C(C([H])([H])[H])(C([H])([H])[H])[H])=C1N(C(=S)N(C(C([H])([H])[H])(C([H])([H])[H])C([H])([H])[H])[H])[H])[H])([H])([H])[H]",5.26236466822014
"C(OC(=O)C1(O[H])OC([H])([H])C23C4(C(OC([H])([H])C4(C(=O)OC([H])([H])[H])C(OC(C([H])([H])[H])=O)([H])C([H])([H])C2(OC(=O)C(C([H])([H])[H])=C(C([H])([H])[H])[H])[H])(C(O[H])(C(C([H])([H])[H])(C24OC2(C([H])([H])[H])C2(C([H])([H])C4(OC4(OC([H])=C([H])C42O[H])[H])[H])[H])C13[H])[H])[H])[H])([H])([H])[H]",5.28928934252603
"C(N(C(=O)OC1=NC(N(C([H])([H])[H])C([H])([H])[H])=NC(C([H])([H])[H])=C1C([H])([H])[H])C([H])([H])[H])([H])([H])[H]",4.79250655186706
"C(C(OP(=S)(OC(C([H])([H])[H])([H])[H])SC(N1C(=O)OC2=C1C(=C(C(Cl)=C2[H])[H])[H])([H])[H])([H])[H])([H])([H])[H]",4.96476744755401
"C(C(OP(=S)(OC(C([H])([H])[H])([H])[H])OC1=C([H])C2=C(C(C([H])([H])[H])=C(Cl)C(=O)O2)C([H])=C1[H])([H])[H])([H])([H])[H]",4.895968084997
"C(OC1=C([H])C([H])=C(C(C2=C([H])C([H])=C(OC([H])([H])[H])C([H])=C2[H])(C(Cl)(Cl)Cl)[H])C([H])=C1[H])([H])([H])[H]",4.83760581315168
"ClC1=C([H])C([H])=C(C(C2=C([H])C([H])=C(Cl)C([H])=C2[H])(C(Cl)(Cl)Cl)[H])C([H])=C1[H]",4.84057368209606
"C(=C(C(C1=C(C([H])([H])[H])C(OC(=O)C2(C(C(=C(C([H])([H])[H])C([H])([H])[H])[H])([H])C2(C([H])([H])[H])C([H])([H])[H])[H])([H])C([H])([H])C1=O)([H])[H])[H])([H])[H]",4.64458692265927
"C(C(C([H])([H])[H])(C([H])([H])[H])C1=C([H])C([H])=C(C(C(OC2=C3C(=C(C(=C([H])C3=NC([H])=N2)[H])[H])[H])([H])[H])([H])[H])C([H])=C1[H])([H])([H])[H]",4.53657718554864
"C(C(OC(=O)C(C(SP(=S)(OC([H])([H])[H])OC([H])([H])[H])(C(=O)OC(C([H])([H])[H])([H])[H])[H])([H])[H])([H])[H])([H])([H])[H]",4.55619206731371
"O(C(C1=C([H])C([H])=C(Cl)C([H])=C1[H])(C1=C([H])C([H])=C(Cl)C([H])=C1[H])C(Cl)(Cl)Cl)[H]",4.56574112408891
"C(N(C([H])([H])[H])C1(C([H])([H])SSSC1([H])[H])[H])([H])([H])[H]",4.17851019514966
"C(ON=C(C(=O)OC([H])([H])[H])C1=C([H])C([H])=C([H])C([H])=C1C(OC1=C([H])C([H])=C([H])C([H])=C1C([H])([H])[H])([H])[H])([H])([H])[H]",4.34959859525773
"C(OC(=C(C(=O)OC([H])([H])[H])C1=C([H])C([H])=C([H])C([H])=C1C(OC1=NC(OC(C([H])([H])[H])(C([H])([H])[H])[H])=NC(C(F)(F)F)=C1[H])([H])[H])[H])([H])([H])[H]",4.45346130382456
"C(OC(=O)N(C(=O)N1C([H])([H])OC2(C(C3=C([H])C(Cl)=C([H])C([H])=C3C2=N1)([H])[H])C(=O)OC([H])([H])[H])C1=C([H])C([H])=C(OC(F)(F)F)C([H])=C1[H])([H])([H])[H]",4.51774890175693
"N(C1=NC(N(C2(C([H])([H])C2([H])[H])[H])[H])=NC(N([H])[H])=N1)([H])[H]",3.91933099348296
"C1(OS(=O)OC([H])([H])C2([H])C1(C1(Cl)C(Cl)=C(Cl)C2(Cl)C1(Cl)Cl)[H])([H])[H]",4.30515447453857
"O(C(C1=C([H])N=C([H])N=C1[H])(C1=C([H])C([H])=C(Cl)C([H])=C1[H])C1=C([H])C([H])=C([H])C([H])=C1Cl)[H]",4.15682909473305
"C(C(C(C(C(N1C([H])=NC([H])=N1)([H])[H])(C1=C(Cl)C([H])=C(Cl)C([H])=C1[H])[H])([H])[H])([H])[H])([H])([H])[H]",4.07167386235109
"C(C(C([H])([H])[H])(N(C(=O)N1C([H])([H])C(=O)N(C2=C([H])C(Cl)=C([H])C(Cl)=C2[H])C1=O)[H])[H])([H])([H])[H]",4.11929997207013
"O(C(C1=C([H])C([H])=C(F)C([H])=C1[H])(C1=C([H])C([H])=C([H])C([H])=C1F)C(N1N=C([H])N=C1[H])([H])[H])[H]",3.98735291056346
"C(OC1=C(OC([H])([H])[H])C([H])=C(C(=C(C(=O)N2C([H])([H])C([H])([H])OC([H])([H])C2([H])[H])[H])C2=C([H])C([H])=C(Cl)C([H])=C2[H])C([H])=C1[H])([H])([H])[H]",4.0826998218772
"C(C(C(C(C(C(N1C([H])=NC([H])=N1)([H])[H])(C#N)C1=C([H])C([H])=C(Cl)C([H])=C1[H])([H])[H])([H])[H])([H])[H])([H])([H])[H]",3.92808570755487
"FC(F)(F)C1=C(Cl)C([H])=C([H])C(S(=O)(=O)N(C2=C([H])C([H])=C(N(=O)=O)C([H])=C2Cl)[H])=C1[H]",4.08546431975184
"FC1=C([H])C([H])=C(N2C(=O)C(Cl)=C(Cl)C2=O)C([H])=C1[H]",3.85693070878607
"C(C(OC(=O)N(C(C(OC1=C([H])C([H])=C(OC2=C([H])C([H])=C([H])C([H])=C2[H])C([H])=C1[H])([H])[H])([H])[H])[H])([H])[H])([H])([H])[H]",3.9224535541408
"ClC1=C([H])C(Cl)=C(C(C(N2C([H])=C([H])N=C2[H])([H])[H])(OC(C(=C([H])[H])[H])([H])[H])[H])C([H])=C1[H]",3.90316087453963
"C(N(C(=O)N1N=C(C(C([H])([H])[H])(C([H])([H])[H])C([H])([H])[H])N=C1SC(C(=O)OC(C([H])([H])[H])([H])[H])([H])[H])C([H])([H])[H])([H])([H])[H]",3.88434112677415
"FC(F)(F)C1=C(C(=O)N(C(C#N)([H])[H])[H])C([H])=NC([H])=C1[H]",3.71647059742649
"C(C(C([H])([H])[H])(C(N(C1=C(Cl)C([H])=C(C(F)(F)F)C([H])=C1[H])[H])(C(=O)OC(C#N)(C1=C([H])C(OC2=C([H])C([H])=C([H])C([H])=C2[H])=C([H])C([H])=C1[H])[H])[H])[H])([H])([H])[H]",4.04760115151958
"C(C(OP(=S)(OC(C([H])([H])[H])([H])[H])SC(C(SC(C([H])([H])[H])([H])[H])([H])[H])([H])[H])([H])[H])([H])([H])[H]",3.7565544635375
"C(C(N(C(=O)N(C(=O)C(=NOC([H])([H])[H])C#N)[H])[H])([H])[H])([H])([H])[H]",3.58926012474191
"C(C#CC1=NC(N(C2=C([H])C([H])=C([H])C([H])=C2[H])[H])=NC(C([H])([H])[H])=C1[H])([H])([H])[H]",3.64095070429668
"C(C1(OC(=O)N(N(C2=C([H])C([H])=C([H])C([H])=C2[H])[H])C1=O)C1=C([H])C([H])=C(OC2=C([H])C([H])=C([H])C([H])=C2[H])C([H])=C1[H])([H])([H])[H]",3.86544847730175
"C(C1=NC(C(F)(F)F)=C(C(=O)N(C2=C(Br)C([H])=C(OC(F)(F)F)C([H])=C2Br)[H])S1)([H])([H])[H]",4.01328517092693
"C(ON=C(C(C1=C([H])N=C([H])C([H])=C1[H])([H])[H])C1=C([H])C([H])=C(Cl)C([H])=C1Cl)([H])([H])[H]",3.69754357353882
"C(C(C(N(C(C(OC1=C(Cl)C([H])=C(Cl)C([H])=C1Cl)([H])[H])([H])[H])C(=O)N1C([H])=C([H])N=C1[H])([H])[H])([H])[H])([H])([H])[H]",3.79591569727212
"ClC1=C(Cl)C(C#N)=C(Cl)C(C#N)=C1Cl",3.62206849129323
"ClC1=C([H])C([H])=C([H])C([H])=C1C1=NN=C(C2=C([H])C([H])=C([H])C([H])=C2Cl)N=N1",3.628766715755
"C(ON(C(=O)OC([H])([H])[H])C1=C([H])C([H])=C([H])C([H])=C1C(OC1=NN(C2=C([H])C([H])=C(Cl)C([H])=C2[H])C([H])=C1[H])([H])[H])([H])([H])[H]",3.72449872226343
"C1(=NN(C(C2(OC([H])([H])C(C(C(C([H])([H])[H])([H])[H])([H])[H])([H])O2)C2=C(Cl)C([H])=C(Cl)C([H])=C2[H])([H])[H])C([H])=N1)[H]",3.6463525186282
"C(N(C(=O)C(=NOC([H])([H])[H])C1=C([H])C([H])=C([H])C([H])=C1C(OC1=C(C([H])([H])[H])C([H])=C([H])C(C([H])([H])[H])=C1[H])([H])[H])[H])([H])([H])[H]",3.61580765842479
"C(C(C([H])([H])[H])(C([H])([H])[H])C(O[H])(C(C(C1=C([H])C([H])=C(Cl)C([H])=C1[H])([H])[H])([H])[H])C(N1C([H])=NC([H])=N1)([H])[H])([H])([H])[H]",3.56826555543792
"C(C1(C([H])([H])[H])C([H])([H])C([H])([H])C(C(C2=C([H])C([H])=C(Cl)C([H])=C2[H])([H])[H])([H])C1(O[H])C(N1C([H])=NC([H])=N1)([H])[H])([H])([H])[H]",3.56446898268797
"C1(=C([H])C([H])([H])C2(C(=O)N(SC(Cl)(Cl)Cl)C(=O)C2([H])C1([H])[H])[H])[H]",3.5165341136373
"C(C(C(N(C(C([H])([H])[H])([H])[H])C(C1(C([H])([H])OC2(C([H])([H])C([H])([H])C(C(C([H])([H])[H])(C([H])([H])[H])C([H])([H])[H])([H])C([H])([H])C2([H])[H])O1)[H])([H])[H])([H])[H])([H])[H])([H])([H])[H]",3.50935855058871
"C1(=C([H])C(C(C([H])([H])[H])(C([H])([H])[H])C([H])([H])[H])=C([H])C([H])=C1C(C(C([H])([H])[H])(C(N1C([H])([H])C(C([H])([H])[H])([H])OC(C([H])([H])[H])([H])C1([H])[H])([H])[H])[H])([H])[H])[H]",3.50408610440422
"C(C(C(OC(=O)N(C(C(C(N(C([H])([H])[H])C([H])([H])[H])([H])[H])([H])[H])([H])[H])[H])([H])[H])([H])[H])([H])([H])[H]",3.27887474755089
"ClC1=C([H])C([H])=C(C(N(C2(C([H])([H])C([H])([H])C([H])([H])C2([H])[H])[H])C(=O)N(C2=C([H])C([H])=C([H])C([H])=C2[H])[H])([H])[H])C([H])=C1[H]",3.52041635699937
"C(C(C([H])([H])[H])(C([H])([H])[H])C(O[H])(C(OC1=C([H])C([H])=C(C2=C([H])C([H])=C([H])C([H])=C2[H])C([H])=C1[H])(N1C([H])=NC([H])=N1)[H])[H])([H])([H])[H]",3.51082721374803
"O(C(C(N1N([H])C([H])=NC1=S)([H])[H])(C(C1=C([H])C([H])=C([H])C([H])=C1Cl)([H])[H])C1(Cl)C([H])([H])C1([H])[H])[H]",3.51830039527984
"C(N(C(=O)C1=C([H])C(Cl)=C([H])C(C([H])([H])[H])=C1N(C(=O)C1=C([H])C(Br)=NN1C1=NC([H])=C([H])C([H])=C1Cl)[H])[H])([H])([H])[H]",3.66508536453015
"C(OC(=O)C(C(N(C(=O)C(N(C(=O)OC(C([H])([H])[H])(C([H])([H])[H])[H])[H])(C(C([H])([H])[H])(C([H])([H])[H])[H])[H])[H])(C1=C([H])C([H])=C(Cl)C([H])=C1[H])[H])([H])[H])([H])([H])[H]",3.57067477680208
"FC1=C([H])C(OC2=C([H])C([H])=C(C(F)(F)F)C([H])=C2Cl)=C([H])C([H])=C1N(C(=O)N(C(=O)C1=C(F)C([H])=C([H])C([H])=C1F)[H])[H]",3.65102557386834
"C(OC1=C(C(=O)C2=C(OC([H])([H])[H])C(OC([H])([H])[H])=C(OC([H])([H])[H])C([H])=C2C([H])([H])[H])C(C([H])([H])[H])=C(Br)C([H])=C1[H])([H])([H])[H]",3.55381623204753
"C(C1=NN([H])C(=O)N(N=C(C2=C([H])N=C([H])C([H])=C2[H])[H])C1([H])[H])([H])([H])[H]",3.26846668000707
"C(C(C(OC1=NC2=C(C(=C(I)C(=C2[H])[H])[H])C(=O)N1C(C(C([H])([H])[H])([H])[H])([H])[H])([H])[H])([H])[H])([H])([H])[H]",3.47367200669686
"ClC1=C([H])C([H])=C(C(SC(C(N2C([H])=NC([H])=N2)([H])[H])=NC2=C([H])C([H])=C(Cl)C([H])=C2Cl)([H])[H])C([H])=C1[H]",3.51586605860189
"C(C1=C([H])C(C(=O)N(N(C(=O)C2=C(C([H])([H])[H])C3=C(OC(C(C3([H])[H])([H])[H])([H])[H])C([H])=C2[H])[H])C(C([H])([H])[H])(C([H])([H])[H])C([H])([H])[H])=C([H])C(C([H])([H])[H])=C1[H])([H])([H])[H]",3.47189322903475
"C(OC1=C(N(N(C(=O)OC(C([H])([H])[H])(C([H])([H])[H])[H])[H])[H])C([H])=C(C2=C([H])C([H])=C([H])C([H])=C2[H])C([H])=C1[H])([H])([H])[H]",3.32811546216368
"C(N(C([H])([H])[H])S(=O)(=O)N1C(C#N)=NC(Cl)=C1C1=C([H])C([H])=C(C([H])([H])[H])C([H])=C1[H])([H])([H])[H]",3.32876143430995
"C(SC1=NC(C([H])([H])[H])(C2=C([H])C([H])=C([H])C([H])=C2[H])C(=O)N1N(C1=C([H])C([H])=C([H])C([H])=C1[H])[H])([H])([H])[H]",3.29151577606074
"ClC1=C([H])C([H])=C(C2=C([H])C([H])=C([H])C([H])=C2N(C(=O)C2=C(Cl)N=C([H])C([H])=C2[H])[H])C([H])=C1[H]",3.3139595005092
"C(C1(C([H])([H])OC(C(N2C([H])=NC([H])=N2)([H])[H])(C2=C(Cl)C([H])=C(OC3=C([H])C([H])=C(Cl)C([H])=C3[H])C([H])=C2[H])O1)[H])([H])([H])[H]",3.34745300610275
"N1(C2=C(C(=C(C([H])=C2N=C1C1=C([H])C([H])=C([H])O1)[H])[H])[H])[H]",2.99312645372172
"C(C(OC(=O)OC1=C(C2=C(C([H])([H])[H])C([H])=C([H])C(C([H])([H])[H])=C2[H])C(=O)N([H])C21C([H])([H])C([H])([H])C(OC([H])([H])[H])([H])C([H])([H])C2([H])[H])([H])[H])([H])([H])[H]",3.28189413312511
"FC(C(F)(F)F)(C(F)(F)OC1=C([H])C(Cl)=C(N(C(=O)N(C(=O)C2=C(F)C([H])=C([H])C([H])=C2F)[H])[H])C([H])=C1Cl)[H]",3.41308557568581
"C(C(C([H])([H])[H])(OC(=O)N(C(C(C([H])([H])[H])(C([H])([H])[H])[H])(C(=O)N(C(C([H])([H])[H])(C1=C([H])C([H])=C(C([H])([H])[H])C([H])=C1[H])[H])[H])[H])[H])[H])([H])([H])[H]",3.20658180436243
"C(C(C([H])([H])[H])(OC1=C([H])C([H])=C([H])C(N(C(=O)C2=C([H])C([H])=C([H])C([H])=C2C(F)(F)F)[H])=C1[H])[H])([H])([H])[H]",3.18920856674487
"ClC(Cl)(Cl)SN1C(=O)C2=C(C(=C(C([H])=C2C1=O)[H])[H])[H]",3.09676694080332
"FC(F)(F)C1=C([H])N=C(C(N(C(=O)C2=C(Cl)C([H])=C([H])C([H])=C2Cl)[H])([H])[H])C(Cl)=C1[H]",3.20000701669954
"C(C(C(C([H])([H])[H])(C([H])([H])[H])C(=O)OC1=C(C2=C(Cl)C([H])=C(Cl)C([H])=C2[H])C(=O)OC21C([H])([H])C([H])([H])C([H])([H])C([H])([H])C2([H])[H])([H])[H])([H])([H])[H]",3.21149469777351
"C(OC(C(=O)N(C(C([H])([H])[H])(C(=O)OC([H])([H])[H])[H])C1=C(C([H])([H])[H])C([H])=C([H])C([H])=C1C([H])([H])[H])([H])[H])([H])([H])[H]",3.0160807753075
"C(C(C(C(C(C(C(C(C(C(C(C(C1=C(OC(C([H])([H])[H])=O)C(=O)C2=C(C(=C(C([H])=C2C1=O)[H])[H])[H])([H])[H])([H])[H])([H])[H])([H])[H])([H])[H])([H])[H])([H])[H])([H])[H])([H])[H])([H])[H])([H])[H])([H])([H])[H]",3.08628078426353
"FC1=C([H])C([H])=C(OC2=C3C(Cl)=C(C(Cl)=C([H])C3=NC([H])=C2[H])[H])C([H])=C1[H]",2.98744662092279
"FC1(F)OC2=C(C(=C(C(C3=C([H])N([H])C([H])=C3C#N)=C2O1)[H])[H])[H]",2.87732535875984
"C(C(C([H])([H])[H])(C(C(C([H])([H])[H])(C1=C(N(C(=O)C2=C([H])N(C([H])([H])[H])N=C2C(F)(F)F)[H])C([H])=C([H])S1)[H])([H])[H])[H])([H])([H])[H]",2.96978843815536
"C(OC(C(OC(=O)C(C#N)(C(=O)C1=C([H])C([H])=C([H])C([H])=C1C(F)(F)F)C1=C([H])C([H])=C(C(C([H])([H])[H])(C([H])([H])[H])C([H])([H])[H])C([H])=C1[H])([H])[H])([H])[H])([H])([H])[H]",2.87961651347797
"N(C1=NC(C([H])([H])[H])=C(C(C(C(C([H])([H])[H])([H])[H])([H])[H])([H])[H])C(OS(=O)(=O)N(C([H])([H])[H])C([H])([H])[H])=N1)(C(C([H])([H])[H])([H])[H])[H]",2.69918560224955
"C(OP(=S)(OC([H])([H])[H])OC1=C([H])C([H])=C(N(=O)=O)C([H])=C1[H])([H])([H])[H]",2.54489734193721
"C(C1=C([H])C(C([H])([H])[H])=C(C2=C(OC(=O)C(C(C([H])([H])[H])(C([H])([H])[H])C([H])([H])[H])([H])[H])C3(C([H])([H])C([H])([H])C([H])([H])C3([H])[H])OC2=O)C(C([H])([H])[H])=C1[H])([H])([H])[H]",2.67082622701216
"C(ON=C(C1=NOC([H])([H])C([H])([H])O1)C1=C([H])C([H])=C([H])C([H])=C1OC1=C(F)C(OC2=C([H])C([H])=C([H])C([H])=C2Cl)=NC([H])=N1)([H])([H])[H]",2.73511311658668
"ClC1=C(Cl)[C@]2(Cl)[C@@H]3[C@@H]4C[C@@H](C=C4)[C@@H]3[C@@]1(Cl)C2(Cl)Cl",6.01449139641164
"CC(C1=CC=C(N=C1)C(F)(F)F)S(C)(=O)=NC#N",6.23843765078036
